8.498030727488238290e-01 2.431314686382079204e-01 -6.209543081237698520e-03 1.461400030918174497e+00
8.785297874601057933e-01 1.115381637036039764e-01 -1.515510147582578016e-01 1.514429077629794396e+00
8.953331286652902454e-01 1.182535449369656599e-01 2.695150395368585416e-02 1.540363046189328733e+00
8.780079185210706294e-01 1.178235452714107845e-01 -1.533086736578411768e-01 1.514496275323590879e+00
9.821746145519294480e-01 8.877097300702696536e-02 6.054383216874701518e-02 1.748115338969949306e+00
8.789272068348438216e-01 1.305771534819182011e-01 2.520097638248347885e-02 1.502635766379146309e+00
8.505899170741235693e-01 9.105125537461573881e-02 -4.750875944922954702e-02 1.431662031061245566e+00
8.365790554379819444e-01 9.382699943006284071e-02 -1.515282417591759696e-02 1.397654670162496116e+00
9.840436203737250587e-01 8.848518825138623756e-02 6.546039135069933734e-02 1.752952923980628297e+00
9.017902377183458773e-01 1.267710482035264707e-01 1.003145980480443650e-01 1.560444022362564631e+00
7.883947442475142120e-01 1.750531206582427723e-01 -2.550721668929081254e-01 1.348096369565072949e+00
7.773735070880881670e-01 1.687575386248696407e-01 -2.687877625831017192e-01 1.327370511028500122e+00
9.266601713705421295e-01 1.152546257529772911e-01 5.007452909688295956e-02 1.615827383280982188e+00
8.968127233407664489e-01 1.380394932008080777e-01 4.315743779166889005e-02 1.546604015051762815e+00
9.266071311586628889e-01 1.037427186842358739e-01 2.461601103136084809e-02 1.613814271265115563e+00
8.802697604374334350e-01 1.236069780520190481e-01 2.607169099591880035e-02 1.504959561754112940e+00
9.153291022839367130e-01 1.113840320172291565e-01 2.525126508113255050e-02 1.587489165226040333e+00
9.834169700842478878e-01 8.728166090757071005e-02 6.033197353087570158e-02 1.750883844130595612e+00
8.905694943693609478e-01 1.197148967212282589e-01 2.694292112833970854e-02 1.529085014115561636e+00
9.204931875074287007e-01 1.089278966938629634e-01 2.587196899331681635e-02 1.599596078248615605e+00
9.455605266143707333e-01 8.392233701113598066e-02 3.079469478784372174e-02 1.658004291313569301e+00
8.651541524006098882e-01 9.161201838827964794e-02 -8.059332177971155475e-02 1.469492362490073090e+00
8.436004543555054580e-01 1.330054557509603996e-01 -2.970939725468396339e-02 1.420603731991733065e+00
8.908350379011327203e-01 1.227720209799014889e-01 2.860048228946806409e-02 1.530044315264383892e+00
8.825320868880283109e-01 1.289587504580246569e-01 2.701831684807195696e-02 1.511015211147532344e+00
8.961985351069116090e-01 1.385897977663803071e-01 4.389157332154530050e-02 1.545482579532161393e+00
8.893104410173581220e-01 1.212200280432041838e-01 2.815206507742738090e-02 1.526228817783251257e+00
8.358896232759511769e-01 9.330960760803197473e-02 -1.131980553605530480e-02 1.395859040771907811e+00
8.049863882447595431e-01 1.772292456796031868e-01 -2.481613949093403604e-01 1.382816070250378004e+00
8.490284187272362226e-01 9.164341772730981439e-02 -4.414566802659822264e-02 1.427801763531401091e+00
8.617361910878951203e-01 1.053979847782291895e-01 -7.696172170895997089e-02 1.463452741791325673e+00
7.420043697066753818e-01 1.162989132487467631e-01 -1.122850095324975789e-01 1.219636863954672190e+00
9.849382630086001011e-01 8.695674502435932207e-02 6.657363959467003933e-02 1.754937190683400150e+00
8.380287567372771695e-01 9.120637804141033811e-02 -1.800793938106596756e-02 1.400429137560293302e+00
8.049497325772871914e-01 1.791125502084515153e-01 -2.446468102097318353e-01 1.382238658012885590e+00
9.181233543857487689e-01 1.173266656204510344e-01 3.956198557276547484e-02 1.595084031260706192e+00
9.270981776468570912e-01 9.941846576068071040e-02 1.959992320594961673e-02 1.614644423498430736e+00
8.801686781683321081e-01 1.256850090228849859e-01 2.613084315274203165e-02 1.504965748277270032e+00
8.389147812899747647e-01 9.176086878392417101e-02 -2.168757653154905485e-02 1.402631343791417740e+00
9.716469063025582331e-01 8.890443033570399889e-02 4.651605846456067367e-02 1.721838151661003735e+00
8.796458270693691128e-01 1.613263140818621821e-01 3.813837326413078987e-02 1.510375659199533427e+00
9.824316350346863347e-01 8.789962653174283880e-02 5.931042128579270406e-02 1.748630196803529824e+00
8.471724259282155112e-01 2.451419041750020344e-01 -1.350293993847012652e-02 1.456209049523765175e+00
8.633978953202752216e-01 1.025870022067293108e-01 -8.037835914634409995e-02 1.467130953823780226e+00
8.461398374824868895e-01 1.324294190953006212e-01 -4.106068475399756584e-02 1.427049083184425582e+00
9.814175249274038615e-01 8.826154365965903359e-02 5.899748552221011771e-02 1.746132319133670174e+00
8.734580640694693532e-01 1.244657351580579357e-01 -1.832922176019290139e-01 1.511322995665132174e+00
9.695427911619126649e-01 8.856950616341076332e-02 4.648823294628154357e-02 1.716713192151594791e+00
7.442115228594597953e-01 1.166288998728037263e-01 -1.001959008189826500e-01 1.222712855390995834e+00
8.439291501278786134e-01 1.340301936381945169e-01 -2.646144641656452204e-02 1.421396033204548104e+00
9.473958605904732044e-01 9.596471459823868733e-02 6.434734053871001003e-02 1.664889994573830467e+00
8.752193259950136195e-01 1.012474903524292480e-01 -1.170167663483956400e-01 1.499545277033836221e+00
8.434206560672585784e-01 8.813311076118765519e-02 2.698148762433624781e-02 1.413462176959285665e+00
9.046987636194441240e-01 1.382377894982020072e-01 6.813997476220759464e-02 1.567447286851102017e+00
8.764052180824044580e-01 1.036819026629952900e-01 -1.220187227766574567e-01 1.503329823583489988e+00
8.505306182487745170e-01 2.420337301001947161e-01 4.685321069007796109e-03 1.462711790638669296e+00
8.801469515737260219e-01 1.804836817252300774e-01 8.174692425119628458e-02 1.518295734715034095e+00
9.351935031953361177e-01 8.202064248214153974e-02 9.018979541724510274e-02 1.636528593150157196e+00
8.495962487358158510e-01 1.077601182981161448e-01 2.184949300059340835e-02 1.430283383561266719e+00
8.488041944497405344e-01 1.093183107236523344e-01 1.947363424493063488e-02 1.428575140760606432e+00
8.564823269213529544e-01 2.297276663387588236e-01 -1.532515714807057734e-02 1.470535638744694396e+00
7.959085936554083363e-01 1.776166874627658765e-01 -2.484766216233928182e-01 1.363116219673708995e+00
7.363174177166146306e-01 1.163330668645744387e-01 -1.364990089653971839e-01 1.211059702787806946e+00
8.444749919566558738e-01 1.347586426758427547e-01 -3.321900838641798914e-02 1.423093713572011199e+00
8.701361480646065960e-01 1.371892915563420745e-01 -1.822327771747143110e-01 1.505584690440468387e+00
8.458951279088940955e-01 1.096573794876007368e-01 1.435169150937825461e-02 1.421738117291698078e+00
7.628068842979799369e-01 1.606801167560567845e-01 -2.875780481325015958e-01 1.303115459561745348e+00
8.739707271477513695e-01 1.199031245037289195e-01 -1.858580665486742611e-01 1.512404301310313892e+00
7.621068050484645084e-01 1.602573482196322785e-01 -2.849390046238332586e-01 1.299776269450450217e+00
8.549148756765302393e-01 2.318910661168560039e-01 -7.969883785004150747e-03 1.468771118546627674e+00
8.621786001429977420e-01 1.486369817711490904e-01 -1.886830680839694796e-01 1.490633817169955355e+00
8.627975378418882846e-01 1.973285255132601057e-01 -1.303892933753770522e-01 1.490773435841119543e+00
8.495915418616050152e-01 2.393685272097949013e-01 2.346616808148334690e-02 1.460187356294908589e+00
7.407038221643119646e-01 1.462279468107403058e-01 -2.961838206243302407e-01 1.255787384906257298e+00
8.170763243735402748e-01 1.606201413651467680e-01 -2.567358464203591817e-01 1.408599707875187956e+00
8.802071353253074770e-01 1.580660947837998764e-01 3.724545700168658408e-02 1.510994951707210099e+00
9.447767788523110388e-01 9.650633360610935685e-02 6.724123442888868540e-02 1.658858136478807976e+00
9.056066427368519856e-01 1.358455174526138343e-01 7.146144317393660073e-02 1.569433310072846144e+00
8.908615499603111942e-01 1.566141106027163499e-01 9.409843898262877648e-02 1.539380400407412086e+00
7.743875800907422668e-01 1.676453572709457329e-01 -2.667167202578403229e-01 1.319879697184432432e+00
8.891214659139640153e-01 1.621916769065295527e-01 9.123302274367614539e-02 1.536306041445327564e+00
8.601365661233210114e-01 1.867838346691079732e-01 -5.165427525385209162e-02 1.471229883861634669e+00
7.465361238226508878e-01 1.226382004549638888e-01 -9.643345711529574538e-02 1.228449683269733805e+00
8.082776171516795616e-01 1.841745086235849205e-01 -2.331757684834716293e-01 1.387541713000339794e+00
8.351742943014941467e-01 8.878640696081814554e-02 -4.681037714439333954e-03 1.393018740662612664e+00
8.357037770366261276e-01 8.919715811434593411e-02 -7.098044956057305774e-03 1.394292433815718546e+00
8.509252772992975666e-01 2.364581433864976212e-01 2.463369110788942579e-02 1.462439855588502757e+00
9.076028734522475494e-01 1.226084385879362970e-01 9.548707266002177951e-02 1.574063229871058178e+00
7.430995515301451748e-01 1.571232710417399259e-01 -2.896740512465263429e-01 1.264793891653195113e+00
8.695245384046872417e-01 1.326696067432338588e-01 -1.880196811075452445e-01 1.504680194591892395e+00
8.925992279963879117e-01 1.583787875296158720e-01 8.692894651995029809e-02 1.544518507038786126e+00
8.188794859823905758e-01 1.632723619674983084e-01 -2.496208886992889453e-01 1.410844996441275034e+00
9.402262224134877444e-01 8.167658960860647854e-02 8.228298813076193041e-02 1.647959562258823230e+00
8.775112070655628482e-01 1.850630139073700942e-01 8.236144242543283478e-02 1.513336307288488891e+00
8.639902836964823418e-01 9.352401577484580064e-02 -7.755552987953379107e-02 1.466641742850898655e+00
9.573970278026046055e-01 8.405891850936586529e-02 5.606914517096221739e-02 1.687521426463781005e+00
7.305582269027125486e-01 9.130860558995096410e-02 -1.881477672986539285e-01 1.204055158321610364e+00
9.743056532454033025e-01 8.872776037650345615e-02 4.721422180407933156e-02 1.728274777423535857e+00
8.631642876059179015e-01 9.865753034217351891e-02 -7.788959692626952480e-02 1.465532161937280531e+00
7.573748717011800080e-01 1.596084250987113151e-01 -2.930412536065404305e-01 1.297231240695825960e+00
8.155721672677138656e-01 1.955431816344913032e-01 -2.070229535748210337e-01 1.399455041166596692e+00
8.468653555513748765e-01 1.081670781604882198e-01 1.711941625790808913e-02 1.423858958517786322e+00
9.472127234166028975e-01 8.589094623809238882e-02 3.533557459932278044e-02 1.662081002091226667e+00
8.757488926450801570e-01 1.131249462098065511e-01 3.895332628548721365e-02 1.493892623533112474e+00
9.000570277389924323e-01 1.178562599016333146e-01 2.683868324675097589e-02 1.551648036790919560e+00
8.355847716907454092e-01 8.695867291494779883e-02 8.636178333147582001e-03 1.394493639614037273e+00
7.376097905208389705e-01 1.132252317789522039e-01 -1.306849407977654642e-01 1.212445850672919212e+00
8.714113381868361374e-01 1.080190718658576160e-01 4.391846533572960065e-02 1.483034061382445312e+00
9.506925807054418254e-01 8.419775958811320793e-02 4.019380295233025008e-02 1.670494704817934828e+00
8.475689879144540084e-01 1.448861944358009468e-01 -4.025526107855936092e-02 1.432417383591443327e+00
8.506920544132032802e-01 1.986647633622398157e-01 -1.638818055325718670e-01 1.469556763364605612e+00
8.916123383634175781e-01 1.597884741952569632e-01 8.190207075382673063e-02 1.542833581681140487e+00
8.362149838921960621e-01 8.638360232296841967e-02 1.113912836707006519e-02 1.395936292968731562e+00
8.361219490239063523e-01 2.154356951239628781e-01 -1.542297325795145835e-01 1.438527261368316434e+00
8.599645859016175065e-01 1.834019422726491655e-01 -5.817490399098620285e-02 1.470663870349017577e+00
8.640047923627746096e-01 8.973677638991887917e-02 -7.836424105960704267e-02 1.466242268563000328e+00
8.332740783299404930e-01 2.130499396347155239e-01 -1.600817686260198880e-01 1.432677781600955491e+00
9.532985795061720280e-01 6.172205331112619320e-02 5.607928670868063403e-02 1.676858993286191035e+00
8.517056844051135167e-01 1.938000051149177672e-01 -1.682526757796345696e-01 1.471648369294119352e+00
8.451201522875273486e-01 1.316932916851077662e-01 -3.682156242237283328e-02 1.424291198329421304e+00
7.326739078156662144e-01 9.388177874818791346e-02 -1.796181300190254626e-01 1.207588716785318761e+00
9.300523009200361013e-01 1.124983912865774316e-01 4.866877969151708894e-02 1.623591167790707113e+00
8.648948973471698443e-01 1.990259982244759751e-01 -9.582819611011603178e-02 1.490754997186963804e+00
8.080401517058951599e-01 1.920418502908411429e-01 -2.153652371168884583e-01 1.383944598456382957e+00
8.375796822372338912e-01 9.302924751549787596e-02 -1.755898842444003974e-02 1.399862213037283087e+00
7.598504423722766132e-01 1.597575218929224161e-01 -2.944347316277814985e-01 1.301033338817006335e+00
7.446362937007672267e-01 1.251372530458912946e-01 -1.018015082425253737e-01 1.225440118282038471e+00
9.263027169001141203e-01 1.146000887959680442e-01 6.707857995300242626e-02 1.616100651648485931e+00
9.223075433337198925e-01 1.180028710559299227e-01 4.871828485820751259e-02 1.605615115348637101e+00
9.359934125902915625e-01 7.457439303579471712e-02 9.142745196579493694e-02 1.638022464030132852e+00
8.704225201429255376e-01 1.976326813910782021e-01 7.574055851305602771e-02 1.499632301813678348e+00
9.410334259972578108e-01 6.559363838033487049e-02 -1.513333800524190942e-03 1.647015920391722510e+00
7.321711944534441407e-01 1.284899811124432800e-01 -2.388146670052923859e-01 1.223272173942287377e+00
9.590707945248259092e-01 8.498864928609171920e-02 5.296383340279923330e-02 1.691429825865431891e+00
9.767739318969218543e-01 8.855803936271020027e-02 4.920653639992098038e-02 1.734356640088208446e+00
7.664372886725394629e-01 1.587264516100663769e-01 -2.918602985541378092e-01 1.315114574036913009e+00
9.500434849495409395e-01 6.647261046532339235e-02 6.403839298561465887e-02 1.669466605225761846e+00
8.648394207790410793e-01 9.646348863061589285e-02 -8.072565611171120259e-02 1.469449790883691653e+00
8.472843766585381742e-01 2.221267025823009111e-01 -1.278645121220733649e-01 1.460893101360098756e+00
7.371192538510439318e-01 1.406817772399879263e-01 -2.966562737791457738e-01 1.246740614525702950e+00
8.361083416916801347e-01 1.982817335131467629e-01 -1.864619725734309730e-01 1.441211655196433350e+00
8.648625082080878546e-01 1.102388083826083415e-01 4.449502257764856999e-02 1.468454423721522684e+00
7.405107352065103399e-01 1.266196040915925358e-01 -1.270013613878136216e-01 1.220230570106149770e+00
8.566498627302542301e-01 2.295695958197898900e-01 2.136727876110216737e-02 1.473501358769754743e+00
9.109922072094435164e-01 1.264035527986584195e-01 4.754776687151951453e-02 1.579494677270535608e+00
8.744342870850340121e-01 8.817220339292133890e-02 -1.095264292499987663e-01 1.495644673516030698e+00
8.661350706851903558e-01 1.935221650063620735e-01 -1.018277071226464381e-01 1.493165916221724343e+00
7.357635222929689300e-01 1.090983482628069268e-01 -1.966980227749493271e-01 1.220577083318552081e+00
9.672708202767134056e-01 8.813340137595845891e-02 4.644744379315902949e-02 1.711144958346497491e+00
8.540062306498314992e-01 2.325281151603889596e-01 1.570838802653062513e-02 1.468066885579583092e+00
8.514045893966620815e-01 2.366810346677295784e-01 -8.289924961850225760e-02 1.467883905214635520e+00
8.621183995874406314e-01 2.001508278439209920e-01 -1.214479072065761667e-01 1.488344367908755350e+00
8.473388681930866806e-01 1.367272620281283491e-01 -4.224740546044842421e-02 1.430631520596574058e+00
8.411182431573234197e-01 1.054592049422693051e-01 7.792862154475136902e-03 1.409971009988663537e+00
7.433162612799727453e-01 1.584538246741709067e-01 -2.801888723107149870e-01 1.263809671456716854e+00
9.456055220561802033e-01 1.017747378790680862e-01 4.884360162948486045e-02 1.659986187803327962e+00
8.553499615589459371e-01 2.320755085022498665e-01 7.431230813689671671e-03 1.470798554898577803e+00
8.438045485244832777e-01 1.248408638129905601e-01 -3.595185871143713897e-03 1.419235056348916224e+00
9.412277093757809299e-01 7.457092394672681923e-02 8.235073137308736302e-02 1.649888178804592265e+00
8.660513973131463983e-01 1.445976602474240147e-01 -1.829439810157424129e-01 1.497571384178254528e+00
9.259708797928587476e-01 1.134860067223107116e-01 7.128958219129320761e-02 1.615520206474411635e+00
7.275393038201107831e-01 9.612424153535525928e-02 -2.387774418571008417e-01 1.207064342435162141e+00
8.490100972723180206e-01 1.453977975715695647e-01 -4.479865473454396757e-02 1.436208750218131547e+00
9.450207179551136649e-01 7.615286344806522500e-02 2.827843444097019598e-02 1.656285701979963942e+00
8.307584228385592739e-01 1.923240352744745585e-01 -2.041191307526663001e-01 1.432020927306352887e+00
8.393352698280170943e-01 1.053238860062211402e-01 2.511059393729060153e-03 1.405753610497667783e+00
8.496217111887837126e-01 2.345669390604185889e-01 -9.233254748572984616e-02 1.464342461967867992e+00
8.553391367739641149e-01 2.286455269956275960e-01 5.140814195828112033e-03 1.469617983128164163e+00
9.685462710600133418e-01 9.189110010645232252e-02 4.635204728035504512e-02 1.715708665105994957e+00
8.733427601801426743e-01 9.268215892036107961e-02 -1.074470682751865191e-01 1.492975937406593179e+00
7.309267726180528335e-01 1.357259860533676088e-01 -2.501912713687147738e-01 1.224128079508196354e+00
8.183225380917932279e-01 1.945894778764527544e-01 -2.076329560251570783e-01 1.405463534266963022e+00
8.857820844270738458e-01 1.289868404931102663e-01 2.825811905870596538e-02 1.518788457760250177e+00
7.554873055973041485e-01 1.594225268939746532e-01 -2.950682724659261513e-01 1.293136837156293240e+00
8.428875217425267907e-01 1.248632264172699485e-01 -6.064279086220782794e-03 1.417300957285700713e+00
8.264630392434008099e-01 1.621170746523652173e-01 -2.424697446933077316e-01 1.425537193159642779e+00
7.871709382968362645e-01 1.725083522144530979e-01 -2.616480069933220243e-01 1.347058125369054560e+00
9.221102512509953275e-01 1.077789110424272334e-01 8.603918555756910613e-02 1.606827365194240631e+00
8.698961161944553933e-01 1.041723147055174103e-01 4.707304719720677155e-02 1.479339700910667688e+00
8.418690899368603819e-01 1.039333891060155723e-01 1.061808708661456276e-02 1.411556386243107752e+00
8.398845948452566823e-01 1.040365553708288426e-01 5.341271854813778655e-03 1.406874214565207559e+00
9.013807073281292492e-01 1.141259393517611298e-01 1.991921326801095876e-02 1.554511824668266318e+00
8.370203895963845842e-01 2.022489977871725908e-01 -1.796873319224812915e-01 1.442671751755757015e+00
8.094088662971793413e-01 1.877877555640643792e-01 -2.246709434223165547e-01 1.388476115721688275e+00
8.094019244863090989e-01 1.822167629555560553e-01 -2.353280510680469118e-01 1.390084215806003831e+00
7.573203816014442147e-01 1.465777483062686570e-01 -2.402636933883236514e-01 1.283296463726981251e+00
7.436776730081934295e-01 1.268354157075562150e-01 -1.165979537057164755e-01 1.225798039546523110e+00
8.353525903536530572e-01 9.162866790336156309e-02 -9.192690980181116717e-03 1.394178388824587334e+00
7.294771297062550008e-01 1.308954664238747567e-01 -2.515543877268926476e-01 1.221984054221961769e+00
8.743484850224738647e-01 1.919886850478046414e-01 7.683959948781958482e-02 1.507236190206552973e+00
9.413905873240863142e-01 8.597687197291183081e-02 7.842626978050758202e-02 1.650735078153235946e+00
7.274505495801111277e-01 9.074833314306916809e-02 -2.336343143544933332e-01 1.205491166422814286e+00
9.268360070487318136e-01 1.028623408782487481e-01 8.501508237149893454e-02 1.617684553465667863e+00
8.419315619536831274e-01 8.856626504564921176e-02 2.186741999747137191e-02 1.409855224222900549e+00
8.705162013091179984e-01 1.362253297730937340e-01 -1.034529353824742148e-01 1.491770027407032240e+00
8.538552973474627938e-01 1.035349757449734592e-01 2.999297006877072250e-02 1.439980877382056157e+00
7.740019605209645936e-01 1.631054772157666533e-01 -2.845812985918444449e-01 1.327054490631389250e+00
7.688142318063615477e-01 1.610831695489491622e-01 -2.900973187303500511e-01 1.318481558655968833e+00
9.077422322380132025e-01 1.118849090839160870e-01 -2.483543982835038563e-03 1.570761445453779936e+00
8.564576402113482922e-01 2.333121466130053945e-01 -5.386235408847792061e-02 1.475385794392767513e+00
8.940337075304720660e-01 1.534796943499216471e-01 6.924400993187854181e-02 1.544823386982011604e+00
8.271835243757448275e-01 2.009666810893676603e-01 -1.896993508304686826e-01 1.422491355489946097e+00
9.147628913730941891e-01 1.235311634053722490e-01 4.792051585529771146e-02 1.588168321435192487e+00
8.898561493273376977e-01 1.308512492928573245e-01 3.085038892878275152e-02 1.528868515826024455e+00
8.764403443292896334e-01 9.608311283251699808e-02 -1.169013102275741900e-01 1.501935173544211688e+00
7.237423145423756976e-01 8.220127316398979922e-02 -2.337953481653214649e-01 1.196462885134109255e+00
8.495001934146625411e-01 2.444662404494698793e-01 -2.520601093606389051e-02 1.461692511019027529e+00
7.751081709243086149e-01 1.661132435898461379e-01 -2.749996139071436696e-01 1.324435332501468388e+00
7.299514285624465471e-01 1.220910971796906330e-01 -2.391309290402202359e-01 1.217023987212454639e+00
8.466413044400837862e-01 1.407118406793219922e-01 -3.898535125928023065e-02 1.429455075769753503e+00
7.447443720958630831e-01 1.203316853947340032e-01 -1.026394549311044346e-01 1.224922418473676666e+00
9.084869977322693746e-01 1.109487003988953030e-01 1.749309643811875273e-02 1.571235745433766207e+00
7.760146505561126284e-01 1.701862402723562928e-01 -2.609657438482220759e-01 1.321925931296956236e+00
8.556138932579741008e-01 1.049058047451166820e-01 3.103971127128123120e-02 1.444288774494250971e+00
9.350621155398110007e-01 9.490081979540998525e-02 8.091171279663009197e-02 1.636412830891124104e+00
8.300978764802227072e-01 1.957697045396970537e-01 -1.966941469018398947e-01 1.429473361564273848e+00
8.467105791600532116e-01 9.174262840533350949e-02 -3.974068433932938238e-02 1.422052963528126934e+00
8.325077999053498434e-01 2.033542591786628717e-01 -1.809021346802568708e-01 1.433015858366976980e+00
8.380416653802486016e-01 1.048807675101396664e-01 -3.017357592401384049e-03 1.402671943974918234e+00
8.697067669737271745e-01 1.328143350451732596e-01 -1.008220470551905307e-01 1.488848480461195223e+00
8.539348546288640929e-01 1.740198068336759607e-01 -3.263700957861296811e-03 1.451377049284428011e+00
8.839861635838798248e-01 1.736907777325463753e-01 8.579302615027935286e-02 1.526152593772740040e+00
9.285794991208463633e-01 1.044602518483390974e-01 8.066617311008814073e-02 1.621660387873780307e+00
8.754398982195997769e-01 1.120893936272550351e-01 -1.158886979394158773e-01 1.501167950793720784e+00
8.672702128266482902e-01 9.046853389864648043e-02 -8.774155374195302670e-02 1.475311953453900315e+00
9.470637023709090885e-01 7.759460766543124777e-02 7.266568298740497256e-02 1.663391640211375089e+00
8.508101859388421673e-01 2.239591066767090410e-01 -1.198192153291036122e-01 1.468076979892753542e+00
9.280520814527314366e-01 1.099262490818677801e-01 7.376830437272176300e-02 1.620361646171386782e+00
8.377104121786497215e-01 1.901112852151479182e-01 -1.971144072104632217e-01 1.445405687358580549e+00
8.421379419130273769e-01 1.296378389327538794e-01 -2.065417297797635110e-02 1.416426117115814343e+00
8.573403656730196332e-01 9.008280174475702395e-02 -6.103885713029113397e-02 1.448621734005177464e+00
9.514907118058221203e-01 3.818447049098895596e-02 7.144514016861727712e-02 1.672899876290369736e+00
9.478609217888699368e-01 5.681581915711042541e-02 7.270941521046793421e-02 1.664494545550832427e+00
9.339908733199288049e-01 9.221787221460445161e-02 8.484436955836080485e-02 1.633958830236245330e+00
8.393289772677425820e-01 1.852736176930754874e-01 -2.003438545758189637e-01 1.448680215221992196e+00
8.524131583777638799e-01 9.115067948322753966e-02 -5.202581774696410366e-02 1.436319329897629782e+00
8.426375377589541138e-01 1.298900979290335822e-01 -2.378153085437762979e-02 1.417680989833731919e+00
9.521436045442582818e-01 7.004665478715432769e-02 4.991040914752987306e-02 1.673879679135564791e+00
8.627943978944048187e-01 1.909662252030402962e-01 -1.334971788389942016e-01 1.489823621369676276e+00
8.296159670740785863e-01 1.686446552132057353e-01 -2.339820057636687323e-01 1.431684753536331733e+00
9.420633628130573589e-01 1.047680662140715868e-01 5.019776198504079939e-02 1.651809365014262010e+00
8.462687470320177097e-01 9.136690251612093749e-02 -3.811404201131624037e-02 1.420842541006373638e+00
8.771069284305723635e-01 1.229172571142895104e-01 2.639418759309815343e-02 1.497406467835809663e+00
8.598041766699685562e-01 1.670454101296934279e-01 9.809824153604854505e-03 1.463785839083180607e+00
9.687935950966796161e-01 3.524365329302253658e-02 7.162045914182923502e-03 1.714845284295857919e+00
7.620812275174855266e-01 1.590107250337562950e-01 -3.000553342659253442e-01 1.305212629363133203e+00
9.847317873063147209e-01 8.726136487237677597e-02 6.619096642228934624e-02 1.754513570010079793e+00
9.663713837913675553e-01 8.961407994618263151e-02 4.508800255006486374e-02 1.708931284336225875e+00
8.568061547757231944e-01 1.854629686162891922e-01 -1.656561707270127470e-01 1.480891861598178316e+00
7.339196718106315576e-01 1.364412195377040782e-01 -2.967672639339496987e-01 1.239295596548105616e+00
9.477571624707438191e-01 3.893605766857891753e-02 4.394305324495677983e-02 1.662542374403849665e+00
9.397757885747439754e-01 1.021822720903515780e-01 6.745131231190711063e-02 1.647347036934486253e+00
8.667454626808260842e-01 1.801970138677126965e-01 -1.332864088511434009e-01 1.496540339759962368e+00
9.485166702889481494e-01 6.455292490920404302e-02 7.082300606282293520e-02 1.666178113034715969e+00
8.627013959893464756e-01 1.785886949749206642e-01 -7.092580363083682282e-02 1.477576309691835510e+00
8.934349107874485219e-01 1.277979269216354130e-01 3.164511192654310967e-02 1.536955295841334612e+00
8.054089643976990454e-01 1.926376826900743633e-01 -2.139138805719496272e-01 1.377873469005557183e+00
9.646195421814026671e-01 8.742112227643915323e-02 4.801335614382080258e-02 1.704758314664315266e+00
7.655248674218210203e-01 1.616121514827986161e-01 -2.804048928734756418e-01 1.304835914971649302e+00
9.160891888769135960e-01 1.177176302317441275e-01 8.378555044071084312e-02 1.593085917615611358e+00
9.528700197895109136e-01 7.700076560593138719e-02 5.830118440687206277e-02 1.676310604233725909e+00
8.662992680487329178e-01 1.881501947612066739e-01 -9.876238190889898017e-02 1.491862846009750498e+00
9.072800101560689612e-01 1.309456675241378598e-01 9.025855303249114003e-02 1.573681545673389026e+00
9.592710812740626869e-01 8.431810562704183942e-02 5.111817330291688888e-02 1.691771799489208084e+00
9.100646844185051876e-01 1.257455658894569561e-01 8.671146151940248292e-02 1.579596812289870034e+00
8.577281127467922817e-01 9.115170204276930310e-02 -6.248471602316973961e-02 1.449797034733097956e+00
8.610200585692746600e-01 1.466576077726401139e-01 -1.977846177800249017e-01 1.489776876475323197e+00
7.495515056815802435e-01 1.263475663292447093e-01 -8.469591117477104358e-02 1.234159480704492884e+00
8.774477047802768936e-01 1.093268632625228332e-01 -1.215327665882370012e-01 1.506375681324526594e+00
7.727509193074697524e-01 1.695299888953639422e-01 -2.594616418691630955e-01 1.314180332866984546e+00
8.617307296203788880e-01 1.664461999538815462e-01 1.323554286393879842e-02 1.468228900616038279e+00
9.391411750433226180e-01 6.883593868179642417e-02 8.875341938554824617e-02 1.645048313166526111e+00
8.649985364979468905e-01 1.865016074332159768e-01 -1.279132733349303275e-01 1.492971176851366932e+00
8.520084773391720656e-01 1.417569387537878367e-01 -5.356757044945478774e-02 1.443308428516933750e+00
9.145677614899823116e-01 1.173880747497853122e-01 8.800213153524918952e-02 1.589741358406927096e+00
8.468899624432688622e-01 2.327195327287932825e-01 -9.986086008826186577e-02 1.458661347516894358e+00
9.698724582097569824e-01 8.850802040281861849e-02 4.624005575157403430e-02 1.717479100268977987e+00
8.383700653946259962e-01 1.037094065824851336e-01 3.497822070664087307e-05 1.403263762844731311e+00
8.468683599595334677e-01 2.453305491299209995e-01 -3.373497884127252266e-02 1.456354883756122431e+00
9.493576142665878237e-01 4.804991449175356061e-02 6.724989930844321728e-02 1.667611699043752393e+00
8.372789217816375418e-01 1.041225017156844762e-01 -8.852175944680195502e-03 1.400822804914583442e+00
8.314542446607201542e-01 2.141861487089429528e-01 -1.580707905636733190e-01 1.428498578836276067e+00
8.642562234484713057e-01 9.495740404445313088e-02 4.918067312452589074e-02 1.464800311071325689e+00
8.678228380502641670e-01 9.294697157648973418e-02 -9.048340696137359418e-02 1.477331613937804322e+00
7.323099923408677991e-01 1.327775126825243568e-01 -2.251648387358435588e-01 1.220963889658507107e+00
7.844354950539302873e-01 1.646815666772954712e-01 -2.813418528157089482e-01 1.347247926893883507e+00
7.313160708940809052e-01 1.001822596050484099e-01 -1.679413577193425156e-01 1.203251479054281647e+00
8.528125495489696783e-01 1.772051822835383483e-01 -6.908077378377316773e-03 1.449489632850370802e+00
7.267442869612174006e-01 9.438383624299200025e-02 -2.482055051759359532e-01 1.206782972772323159e+00
7.349104111396378425e-01 1.498467982934513776e-01 -2.774897223621263787e-01 1.241964442372453181e+00
8.532565504442343185e-01 2.309976377296266148e-01 -9.518829713147235194e-02 1.471941121838189925e+00
8.772600461945759820e-01 1.136302679987750419e-01 3.622311553091067671e-02 1.497396051238113701e+00
8.704087024027279407e-01 1.971778821011124228e-01 8.059468934586246081e-02 1.500093070223383673e+00
9.045387298435091372e-01 1.377455709262900008e-01 1.010642394648752912e-01 1.567151395441727324e+00
8.210074613147407829e-01 1.513680960126696506e-01 -2.611216809983410436e-01 1.417049400762702138e+00
7.271344386599989384e-01 1.319370348736852716e-01 -2.743872484569127024e-01 1.230265938554242933e+00
8.706384902015222860e-01 1.118749365617251051e-01 3.524819882305885860e-02 1.481175292310599190e+00
9.112692299005833441e-01 1.258598299656251973e-01 8.200856066063084981e-02 1.582200285968934361e+00
9.034751398384822663e-01 1.333581631221348873e-01 4.733408098430778865e-02 1.562486963626051883e+00
9.648996836314406300e-01 9.243132532435123505e-02 4.948401424423296696e-02 1.706369292996839038e+00
9.837730618657236636e-01 8.915818168806574628e-02 6.599675576517537168e-02 1.752400686579803857e+00
8.596481000544511364e-01 2.224452298881774426e-01 4.238403329934855440e-02 1.479065517929221807e+00
9.458970578171731480e-01 8.485300480961181779e-02 7.339093204082566824e-02 1.661147543591748876e+00
8.727007443926753094e-01 1.932721237199603870e-01 4.928379527736545529e-02 1.501540127606525665e+00
8.519170984469124353e-01 1.761805400508611175e-01 -1.085182727257670218e-02 1.447245255347133774e+00
8.545385052949253657e-01 2.350381606638593801e-01 -5.911649514843159148e-02 1.471839483463467380e+00
7.314277641026065702e-01 1.393916909105483715e-01 -2.386075399341518744e-01 1.223376074828319782e+00
9.210582306003569641e-01 1.068624458357487206e-01 8.959347985465912489e-02 1.604503778877034881e+00
8.175890060870371068e-01 1.561193468725725619e-01 -2.582562311035027647e-01 1.409316418096181023e+00
7.876925430757840685e-01 1.671463941830394206e-01 -2.744597295120103642e-01 1.351524573351298830e+00
8.606590698936288364e-01 1.834948059641887674e-01 -6.516761588181628484e-02 1.473170042200329988e+00
9.793154763620351977e-01 8.812635598246139346e-02 5.333535072755136303e-02 1.740686375054826707e+00
8.374728027686316745e-01 1.030919134001997001e-01 -5.469952443117860261e-03 1.401090752928729088e+00
8.546665661898719124e-01 1.220359282227489600e-01 -6.182218758541448145e-02 1.447027548468739599e+00
9.358141630893418439e-01 8.547917476154673344e-02 8.619952628038785036e-02 1.637913404051201560e+00
8.966271751668609680e-01 1.232920961205971749e-01 3.076929863376190455e-02 1.543947029839295215e+00
7.309083193158150138e-01 1.361920873459051828e-01 -2.621786143427418114e-01 1.226629213112213401e+00
8.701605547938247032e-01 1.986815022443107204e-01 4.813751319549468277e-02 1.496897731683805910e+00
9.626015963925134145e-01 2.950997572597516966e-02 5.851463258023887476e-02 1.699411788583155003e+00
8.551181327816754774e-01 1.744194423259833593e-01 3.764021717147903552e-04 1.454238786729711297e+00
9.456348094532653903e-01 1.001138184969465189e-01 4.662342049203332256e-02 1.659770226046420660e+00
9.007792381752187660e-01 1.440919385365855010e-01 8.607925032823289524e-02 1.560195346114591652e+00
8.139479515343789329e-01 1.521442489963477640e-01 -2.661589230785645910e-01 1.403113043607338462e+00
9.291448919858038558e-01 1.123679615654702424e-01 6.514413041780356406e-02 1.622540641161991593e+00
8.577338904184913515e-01 1.105205404072852893e-01 2.949588590259888746e-02 1.449816782336797116e+00
9.435776396211741357e-01 5.408516814731861855e-02 -1.328315304871716118e-02 1.653291952884128779e+00
8.779825267953844659e-01 9.262908491991804494e-02 -1.206686861913490449e-01 1.505823855823016810e+00
9.487957229519444757e-01 5.812749943121874735e-02 2.838812377883555282e-02 1.665294520187044158e+00
8.575842718931765418e-01 1.984563729681547428e-01 -1.467017464693597395e-01 1.481929714268567011e+00
7.396296738590482089e-01 1.244825003187938345e-01 -1.267496487105571612e-01 1.217828167033050413e+00
8.546030534174571258e-01 2.285215934903044033e-01 -1.033653051231593484e-01 1.475525225966379139e+00
7.398015609086620037e-01 1.573789105324557291e-01 -2.649016025543755037e-01 1.252536447148576704e+00
9.407741209422100237e-01 9.933358512490568504e-02 6.933193314388788608e-02 1.649609744694260360e+00
8.675920111544767055e-01 1.827162613976403838e-01 -1.044035942565018221e-01 1.494469396554298557e+00
8.599838073596527410e-01 9.324012878042324537e-02 5.399997692936943372e-02 1.454978395838561145e+00
8.501841251484101303e-01 1.415505383186151933e-01 -4.851116015210003157e-02 1.438566082043309269e+00
8.373003068532105519e-01 1.031942038049005195e-01 -1.487079910836475172e-02 1.400820517306749835e+00
8.859400690850302018e-01 1.316652494961222664e-01 2.904472265250193988e-02 1.519610918227934704e+00
9.391433511569696746e-01 9.155031073655331419e-02 7.795781235870204162e-02 1.645719888320409385e+00
8.477982851130155817e-01 2.393129081577400064e-01 -7.537751770602532653e-02 1.459714466799421961e+00
7.285246764670452180e-01 1.063049403719826813e-01 -2.229121096053292561e-01 1.207675799779841075e+00
8.569652248958986585e-01 1.455874291709659540e-01 8.320820835659650458e-03 1.453030368813967410e+00
8.010333238350825225e-01 1.715751206415880581e-01 -2.601525636057114843e-01 1.376323480518893527e+00
8.636073937851596050e-01 1.253444888605687035e-01 1.981096425324078980e-02 1.465648687505315850e+00
8.804607050713241234e-01 1.005429242715819155e-01 -1.443669646482803048e-01 1.516118908001663934e+00
8.461813218372209455e-01 1.610482021225377036e-01 -2.147675857756151108e-01 1.462555398746721025e+00
8.612738495114823367e-01 1.261895006386994089e-01 1.805694356093220238e-02 1.460220271685025439e+00
8.357821378038567950e-01 1.827046538724802216e-01 -2.100115981718140290e-01 1.442459796306215347e+00
9.696091568995780507e-01 9.030838112257469352e-02 4.688145333269372328e-02 1.717322039052388227e+00
8.308747632038465669e-01 1.646427332862440973e-01 -2.350084400501649129e-01 1.433900278986633969e+00
9.533332019694346071e-01 9.817882239039923964e-02 5.260294028303352104e-02 1.678633284130959469e+00
8.692768516495218423e-01 1.086713924657640717e-01 3.752692182948531852e-02 1.477651950806272652e+00
9.771525233166979962e-01 8.834866503060227749e-02 4.954870976703180940e-02 1.735131225424594303e+00
9.370537094261889299e-01 9.585894817208177876e-02 2.907416036552921620e-02 1.638257223127140394e+00
8.580500863055244842e-01 1.707612304873517839e-01 7.061314244712434303e-03 1.460403465371331144e+00
8.928051168157115081e-01 1.258323018202583687e-01 3.024740659965989911e-02 1.535132222379193001e+00
7.823831695289513721e-01 1.599565274014804472e-01 -2.882687760543876099e-01 1.344773912501054935e+00
7.496780204729081021e-01 1.266737100833431884e-01 -8.483018991300377010e-02 1.234551171473500908e+00
8.497466911342100859e-01 1.479104985941429584e-01 -3.071899864760182196e-03 1.435760744856903415e+00
8.956294163380856821e-01 1.221170362655636249e-01 2.900064236718787394e-02 1.541427581880176589e+00
9.462369373370133063e-01 9.371721650113964963e-02 6.553361471266000438e-02 1.661954846716420020e+00
9.666833233605554021e-01 8.918658026753102652e-02 4.520199892346377091e-02 1.709667967891453255e+00
9.534253932508212070e-01 8.030828833659445221e-02 4.279556226147512160e-02 1.677068520792496464e+00
9.551762185118690685e-01 8.140369392476753951e-02 5.856168370457107142e-02 1.682179308222015557e+00
8.551124726929353326e-01 1.470994971253460626e-01 2.644865758472514112e-03 1.448352897421476326e+00
7.355183969868275273e-01 1.530582362870910040e-01 -2.664496967661661442e-01 1.242237346855733504e+00
8.572752312216829207e-01 1.213885927177333207e-01 -6.758551617723189409e-02 1.453695860034008858e+00
9.374824555759814215e-01 1.075652826927393085e-01 4.940570178242601612e-02 1.640989371070617597e+00
8.350296324338329912e-01 9.205377079904260296e-02 -4.005232899826582232e-03 1.393627599439301923e+00
9.214325084168274449e-01 1.163273275411161184e-01 4.217833733517137307e-02 1.603003592972203517e+00
7.324561590219379470e-01 1.427146477278136982e-01 -2.640635831915996712e-01 1.231895708428654590e+00
8.575504871269982177e-01 1.780193262624948924e-01 5.351403471489932402e-03 1.460735589945856727e+00
9.304933734975865400e-01 9.264718509958008719e-02 1.723692556172927090e-02 1.622242589268983126e+00
7.988239553101821322e-01 1.749681742555128927e-01 -2.574341809993413999e-01 1.371543861700065703e+00
8.825479379988564466e-01 1.156910760601392862e-01 3.064746810159228382e-02 1.509921574621887030e+00
8.586231954001271038e-01 2.242612968373374482e-01 4.660472843703204748e-02 1.477628818752478868e+00
7.335914127435152476e-01 1.045596651994443183e-01 -1.661229110920361685e-01 1.208584350644748451e+00
9.101796185007779982e-01 1.153501748413282985e-01 9.779057823677411720e-02 1.579834037523325074e+00
8.866244466042002559e-01 1.181255795089466293e-01 2.646478847836552725e-02 1.520505545459383434e+00
7.340089209039277751e-01 1.318726796433710158e-01 -2.125872793152273343e-01 1.221875147306594966e+00
9.207006672911336453e-01 1.127916012762871928e-01 8.288211261121684881e-02 1.603660643782282458e+00
8.552580372389406715e-01 1.449331597077948286e-01 5.885518024931949040e-03 1.448824418326696950e+00
8.576566530712659286e-01 1.933881279730096936e-01 -3.685856992004654664e-02 1.466604164182250258e+00
8.631420611566632539e-01 9.590442835751787631e-02 4.615784976073018103e-02 1.462053302414415334e+00
7.483258854816243755e-01 1.600275141597843065e-01 -2.786990555832039029e-01 1.274853057711603066e+00
8.524626803446785361e-01 1.427411610684619636e-01 -2.232067848872562859e-03 1.439866950987661820e+00
7.970158699968018512e-01 1.689672347932578700e-01 -2.678565397565979000e-01 1.369623021384728023e+00
8.538815458451033402e-01 1.834751158704585883e-01 -1.760314816942711580e-01 1.475922951364768254e+00
8.511690856603847388e-01 1.788093014475712894e-01 -1.489412593965420799e-02 1.446198953524450381e+00
7.854703224812689122e-01 1.688987249818726388e-01 -2.719654761698798717e-01 1.346243546540862646e+00
8.382955213952905105e-01 9.383363648601018847e-02 -2.144272044536573232e-02 1.401770019211322937e+00
8.616129418334070866e-01 1.733608648813924624e-01 -6.975334759789886263e-02 1.473800147605365041e+00
9.329852456164368091e-01 1.003032296531771450e-01 7.904983348010558020e-02 1.631755006651350204e+00
8.131603828163594949e-01 1.742069685026395587e-01 -2.454924145909680999e-01 1.399270320967675341e+00
8.484664173629140604e-01 1.513567484001276386e-01 -8.043113687103854020e-03 1.434184136872971749e+00
8.596718375470632223e-01 2.243837976570204618e-01 -6.347643610521341850e-02 1.481135681601772225e+00
9.465044007298737405e-01 7.122736253469566514e-02 7.447331851636218580e-02 1.661848633470654368e+00
8.351434283109382406e-01 9.119743430208769597e-02 -5.550564404417012918e-03 1.393598869539439233e+00
7.355779535703003136e-01 1.172938232456399166e-01 -1.491130016723851148e-01 1.211884211964571190e+00
8.532114488961006771e-01 1.463084770784920108e-01 -5.493873106248757521e-02 1.447072380065604236e+00
8.482155572225894558e-01 2.184616282744132609e-01 -1.370430964210312130e-01 1.463731614534485637e+00
7.741999358888004279e-01 1.735944333738637935e-01 -2.525994426059897657e-01 1.315914026233645062e+00
8.312238338832519391e-01 1.894388180966460333e-01 -2.045390446552325381e-01 1.432381228957126718e+00
8.660090492962487785e-01 1.520836990236296427e-01 -8.896865915021791305e-02 1.482472533031158779e+00
7.401798561856631764e-01 1.188674380685763865e-01 -1.198132084633865418e-01 1.217152171014935114e+00
8.586162200010905021e-01 1.428238919268832730e-01 1.062337015056998707e-02 1.456475539305385647e+00
9.501283543161331835e-01 1.000359221497045814e-01 5.244898748078395678e-02 1.671004091542030556e+00
9.597016042228802002e-01 8.825212082215901088e-02 5.511819803146619096e-02 1.693408255377838234e+00
8.289528409182733704e-01 1.834916154808609867e-01 -2.169702310297087489e-01 1.428998063449160805e+00
9.149661266585387143e-01 1.212807057227093255e-01 8.065646273762350216e-02 1.590484321060871453e+00
8.653002858274736475e-01 1.787940528908199544e-01 -1.433941504021078728e-01 1.494682253974399133e+00
9.689134574250685139e-01 9.124397384621392437e-02 4.458041721120818701e-02 1.716344697746303272e+00
9.515804025071815664e-01 5.123595092072584511e-02 5.336449326974241486e-02 1.672436185892612670e+00
8.797273402109316853e-01 9.672062343513664062e-02 -1.317871888896375576e-01 1.511908439050156705e+00
7.252416289497308766e-01 7.613701748119186541e-02 -2.275626148099312573e-01 1.198096927020506852e+00
8.756666324913391364e-01 1.120106609777354462e-01 3.628034475448753404e-02 1.493304183787732331e+00
8.771255966913166224e-01 1.140649923713842884e-01 3.381460047797737317e-02 1.496914322442588707e+00
8.506221204180997031e-01 1.771274358880610411e-01 -1.908314180389978840e-02 1.444642329794906699e+00
7.353694668187376049e-01 1.508778373189184896e-01 -2.515500055817771474e-01 1.238025998258405425e+00
8.984184466073369402e-01 1.483607829876173456e-01 8.073452886686302565e-02 1.555270249426439877e+00
9.105728232247571885e-01 1.224801296914014848e-01 8.935298460547098920e-02 1.580716798154736535e+00
8.240111420060264313e-01 1.809631802553891555e-01 -2.268407874257440116e-01 1.419930933974038467e+00
8.791686456328254851e-01 1.009824483199401046e-01 -1.298242573440180070e-01 1.510724062571254578e+00
8.033770606061629849e-01 1.527449400633158205e-01 -2.755568841916054557e-01 1.383556778874798221e+00
8.361762471856278855e-01 1.503075416668039899e-01 -2.391571796408684947e-01 1.444287346781155001e+00
9.582964492749183050e-01 9.044384955722324648e-02 5.609282683224225963e-02 1.690261816967809194e+00
7.580672029918913424e-01 1.257798059118579725e-01 -6.513347056374901856e-02 1.249934117420911317e+00
8.370114582589769370e-01 8.696570896274770368e-02 1.321204130927651835e-02 1.397917223012974830e+00
7.283547999682556950e-01 1.003098561632953106e-01 -2.182842018184645572e-01 1.205729668311260827e+00
8.815121212647749616e-01 9.414068034474420976e-02 -1.268330744845593272e-01 1.515189983966498843e+00
9.104361280984150095e-01 1.021103374988067691e-01 -1.007744927229134620e-02 1.576212996267531530e+00
8.388474275390789270e-01 9.596399589523717244e-02 -2.324802277320267910e-02 1.403484852752091783e+00
9.581760238913783478e-01 8.743221011516180696e-02 4.540704870495636952e-02 1.688922221605966945e+00
8.667538333311907151e-01 9.976697947680862599e-02 5.184660237972390368e-02 1.471549129952629098e+00
8.491080900282075294e-01 1.704388891722792287e-01 -2.336541967502583569e-02 1.439774830170736708e+00
8.500238901526547819e-01 1.623052752665226917e-01 -2.060085540943446536e-01 1.469395499840965957e+00
8.488572500769953066e-01 1.862329443662564532e-01 -1.830625804983928850e-01 1.466579106565678803e+00
7.248577118544843323e-01 7.819989550309028314e-02 -2.193391530454177896e-01 1.195942613086858897e+00
8.086469774965823198e-01 1.719775728734491971e-01 -2.535242038458273006e-01 1.391094120911882781e+00
7.718498856169372369e-01 1.597036944244748513e-01 -2.923682647629944897e-01 1.325162119967082441e+00
8.370763438251453969e-01 9.159967659344174506e-02 -1.601569594390608864e-02 1.398305123694308483e+00
8.604036794128671062e-01 1.816028751891926862e-01 -1.593560214707063494e-01 1.487040866732091127e+00
9.056496973738016321e-01 1.362921826332854081e-01 8.579219408151088355e-02 1.570469320827116544e+00
8.569079208256999980e-01 1.400859504352068297e-01 -2.110340404260372948e-01 1.482358396149234592e+00
8.476691708683461446e-01 1.913285988174286412e-01 -1.793419453025140164e-01 1.464243355612850683e+00
9.293832779211215200e-01 9.639419804078221132e-02 8.717487285808339648e-02 1.623395649013423814e+00
8.993566224404996312e-01 1.144895682346884352e-01 2.268157493566986399e-02 1.549626652785808911e+00
8.636772297101340534e-01 1.625013816430370128e-01 1.556150148880315609e-02 1.472047484193256928e+00
8.564895214801466761e-01 1.708849289617541123e-01 3.561955608210759430e-03 1.456730907711458745e+00
9.670648982197854737e-01 9.291540686184332487e-02 4.199842940433302918e-02 1.713786196246581017e+00
8.251338901263695069e-01 1.766756838159576626e-01 -2.297785953861813946e-01 1.422216805773298676e+00
7.460793861043396591e-01 1.157928211071564684e-01 -9.294801883708699031e-02 1.225583810258146222e+00
8.514665858448711155e-01 2.386335690957394340e-01 7.940956688714920914e-03 1.463794469253983044e+00
8.453938989180317387e-01 1.838734774841449260e-01 -1.930194515353382823e-01 1.460422895744760030e+00
8.625959406076131319e-01 9.063247908887533955e-02 5.167689135121564248e-02 1.460586164532798437e+00
7.310261155884288931e-01 1.140509107157387375e-01 -2.158261964417957923e-01 1.212941392309491162e+00
8.380889320207614013e-01 1.063311230795267459e-01 -1.644294293057624312e-02 1.403166674405942560e+00
8.797727636782801675e-01 1.067547022374703974e-01 -1.563248694075284051e-01 1.517572729307316903e+00
8.798719333076603366e-01 9.004706369659883081e-02 -1.166783787582095777e-01 1.509565440909839573e+00
9.000685647673292156e-01 1.155581981006682663e-01 2.388521617697808574e-02 1.551416856641645081e+00
8.950794217631697913e-01 1.419592453690281808e-01 4.586464838233535873e-02 1.544029029554686128e+00
8.698761805884694942e-01 8.746619396514238032e-02 -8.678031466655379556e-02 1.480894835918890040e+00
8.492948521583509880e-01 1.727008460443208993e-01 -1.928901141963132795e-02 1.440593056085027079e+00
7.325517701150653371e-01 1.463116429612830172e-01 -2.524520510962902642e-01 1.230704420370318797e+00
8.681142202829000842e-01 1.749992295013131638e-01 -1.286682051763517187e-01 1.497803034110682718e+00
8.748636660422108857e-01 1.140462438180730176e-01 3.349818261336697661e-02 1.491442676063688078e+00
8.594923031137713387e-01 2.249409104728458675e-01 3.498688653929088455e-02 1.479109137173084010e+00
8.594195180518501287e-01 2.197896785887679949e-01 5.534746888572963236e-02 1.478868964440056111e+00
7.553267369054523783e-01 1.203304589117563939e-01 -6.911701673493426956e-02 1.243189806316713497e+00
8.365964168303996473e-01 1.782043958040437359e-01 -2.130092492377694824e-01 1.443989222817838813e+00
8.837506918520114940e-01 9.734893502081574945e-02 -1.389053856929487740e-01 1.522616392190762724e+00
7.312429903136944409e-01 1.344393396612731661e-01 -2.879071654281714077e-01 1.232096289635270958e+00
8.490096709549893594e-01 1.481912958913957357e-01 -5.158228528039600705e-03 1.434737352287716705e+00
7.294065707168639889e-01 1.358847219690025865e-01 -2.806265095717389579e-01 1.227023573135515022e+00
8.984850011701933648e-01 1.476259861131350160e-01 7.049245719594857129e-02 1.554355251707478791e+00
8.255228575229641708e-01 1.498308969973915772e-01 -2.554116082299430768e-01 1.425028054136302735e+00
9.828642252090219467e-01 8.680371359625388417e-02 6.030128060889271280e-02 1.749452460666892417e+00
8.710454352365412101e-01 1.087261332412419040e-01 3.903849664866632790e-02 1.481969681810778372e+00
8.686123521041315687e-01 1.760873330755502453e-01 -1.192068361806840615e-01 1.497660309130973699e+00
8.463470984462451163e-01 1.554318696040256631e-01 -2.183500537414917175e-01 1.462749623395038556e+00
8.673452929237789322e-01 1.820612470942753192e-01 -1.137633360020180034e-01 1.495161197307266709e+00
9.697331086863512084e-01 8.879991208819856818e-02 4.558587033870693112e-02 1.717081889984785281e+00
8.626137676471243854e-01 1.832532539364321034e-01 -1.489615143135652742e-01 1.490485898183793845e+00
8.582094823947779005e-01 1.138171759329162508e-01 2.758214872257338038e-02 1.451365384401741565e+00
8.731038958859708154e-01 8.772637016502370100e-02 -9.623698018027718182e-02 1.490047666782037039e+00
8.548252332658362596e-01 2.299459277936294066e-01 4.154214596042999502e-02 1.470240589702552558e+00
8.834951983199474945e-01 1.023554206928967425e-01 -1.512785581162439941e-01 1.524798327653485552e+00
9.114552691725694711e-01 1.289819742184597495e-01 6.569716419049877187e-02 1.582079798051309716e+00
7.360404458681842899e-01 1.079667535910291687e-01 -1.408345308157528120e-01 1.209991332259514385e+00
9.542617772399544229e-01 7.672170308243302095e-02 5.377008318430959166e-02 1.679445903696427989e+00
9.770441659310521443e-01 8.823499967464874805e-02 4.980397264171305266e-02 1.734848066369778730e+00
8.609055192019421376e-01 1.097252518315724040e-01 -7.664260784477319732e-02 1.462286498057570272e+00
7.326561698041952342e-01 1.432750311864116333e-01 -2.758336488311859402e-01 1.235096484678881668e+00
8.588540178328016861e-01 2.199837761847843465e-01 5.975737649918722721e-02 1.478156126172188056e+00
8.659015235624925033e-01 1.615304421881546826e-01 1.877534620903120038e-02 1.477160125118891498e+00
8.995995915472199123e-01 1.337395929503577829e-01 4.222388159488207893e-02 1.552860806047668296e+00
8.454310652604194454e-01 1.456662509480536050e-01 -1.712609072231945431e-02 1.426362782858992873e+00
8.902864850424869747e-01 1.375850929305913739e-01 5.093541413547529595e-02 1.533489821969444167e+00
8.934698848849739194e-01 1.569517920290559310e-01 7.265035453006271626e-02 1.544713701739238276e+00
7.280773023777548092e-01 8.753152898651436753e-02 -1.830161370910607932e-01 1.197597728736135680e+00
7.550934153108742608e-01 1.228975187025483223e-01 -6.695328482684442806e-02 1.243378171755685768e+00
9.561688331301859689e-01 8.287624858234718395e-02 4.701922625528908578e-02 1.683968592726432734e+00
9.357563131686260638e-01 1.075286558517234148e-01 4.591852319934510568e-02 1.636669026268404270e+00
8.371459318344907086e-01 1.021926721796604931e-01 -1.120273505474438450e-02 1.400248525069570871e+00
8.465113454394217474e-01 1.785931720186638150e-01 -1.964542213461939191e-01 1.462547848316943844e+00
8.541988578678083588e-01 1.103868852313971000e-01 2.526537129399748782e-02 1.441430446971585067e+00
7.567778083977677595e-01 1.237524992748609137e-01 -6.322946599647849553e-02 1.246761406059174293e+00
7.394304503570465759e-01 1.522213206005720298e-01 -2.911408498977066106e-01 1.255414992991035872e+00
9.147767280588288141e-01 1.106828087969886770e-01 9.526969401047150066e-02 1.590236940538316990e+00
8.304044252065555520e-01 1.545994898005130791e-01 -2.441950484830443246e-01 1.433455976846617963e+00
9.006518296907402021e-01 1.464239511067034760e-01 9.116967403859020658e-02 1.560530516809941481e+00
7.433145037791878407e-01 1.463452044653310025e-01 -2.898453759866074231e-01 1.257370190824770972e+00
8.657783634579533372e-01 1.929904161868465362e-01 -1.117549201356982796e-01 1.493670333392536964e+00
8.680568323034746347e-01 1.511664194571653574e-01 -9.630819412306063088e-02 1.487982147133267041e+00
8.582837241174561260e-01 1.346438670308504892e-01 -2.150948587878032670e-01 1.485634363975845140e+00
8.639047369136498844e-01 1.784104375597866110e-01 -7.785973959571948488e-02 1.481254887791732644e+00
8.562356799239548844e-01 1.781880758246512653e-01 1.401440429440210930e-03 1.457670591489221401e+00
8.470209733728272239e-01 2.433321986366624723e-01 -5.440840616356869275e-02 1.457349819160122850e+00
8.102439897057468476e-01 1.531226473311325109e-01 -2.708161566594104452e-01 1.396814752009871485e+00
8.372124285681042943e-01 1.459301054850888901e-01 -2.428251419071523753e-01 1.446924369094856777e+00
8.582993323564326316e-01 1.777367708292025839e-01 -5.784491793758808620e-02 1.465367647582534349e+00
8.693616807312439798e-01 8.788755216495633404e-02 -9.064148018588359668e-02 1.480321992384772800e+00
8.574366048553052622e-01 1.146221733164871220e-01 -6.835138855864675289e-02 1.453345336763422369e+00
8.733238077140795808e-01 1.235121256807003715e-01 2.477415483774252775e-02 1.488484137296021803e+00
8.415187674426862774e-01 1.500183339119602610e-01 -2.307928847763585090e-01 1.454041099133460913e+00
8.399230217952460276e-01 9.672647733651797142e-02 -2.706759786177930296e-02 1.406238614711126544e+00
8.536909449475325040e-01 2.309968812195001830e-01 4.527526318830613072e-02 1.468202579679136033e+00
8.597543105192859691e-01 2.189515176546064090e-01 -6.252419326072525263e-02 1.479735913751681231e+00
8.589360764015047112e-01 1.173551206915194739e-01 -7.079245085767553458e-02 1.457477382070671235e+00
8.520490181009512387e-01 9.421342737051523197e-02 3.530621257787618789e-02 1.434888018882946037e+00
8.580100555184650979e-01 2.218907431302323818e-01 -4.739483964115688563e-02 1.475086159219351156e+00
8.681864479502897636e-01 1.123452112491586802e-01 3.395305496299672043e-02 1.475293103302060649e+00
8.614720820397778756e-01 1.757324157794704356e-01 -1.638325057965202003e-01 1.489092928875345168e+00
8.948298835123923434e-01 1.526310933457769026e-01 9.057956739613177988e-02 1.548077620837368773e+00
8.623644985307206134e-01 1.997151645425405964e-01 -7.103393288469987688e-02 1.481681403989697943e+00
8.205071248023958486e-01 1.740907553401785657e-01 -2.390190542886625191e-01 1.413827044435076452e+00
8.548996889601924165e-01 1.777936117834648944e-01 -1.799555355530969292e-01 1.477816499152069252e+00
7.335648840816406668e-01 1.375886735572344199e-01 -2.949589860534621577e-01 1.238659091316524519e+00
7.268013136546963571e-01 7.733371931923295473e-02 -2.005997996893614244e-01 1.196751634318294233e+00
7.883471034135713928e-01 1.630648947626489598e-01 -2.853182330878224482e-01 1.355980188824632782e+00
7.602143756024426491e-01 1.232698990457447019e-01 -5.705155408040576276e-02 1.253502830029215476e+00
8.591537050309571155e-01 1.742304899059338719e-01 8.427396342567883974e-03 1.463725247155529985e+00
8.614024693861860316e-01 2.097086274618755741e-01 -6.735430926924522443e-02 1.481562054000714612e+00
8.548210448329233158e-01 1.725984492618950206e-01 -5.123358721602776222e-02 1.455118889156449935e+00
8.665176461427607224e-01 1.726459493578089421e-01 -9.072812696374986385e-02 1.487864151165300575e+00
7.334241654452656745e-01 1.442872487192349285e-01 -2.383040351112456212e-01 1.228926999855642466e+00
9.589468015607687246e-01 8.575780582440599431e-02 4.666390217102009408e-02 1.690798191851386134e+00
8.353408179243851928e-01 8.932814649697387588e-02 5.074371360337882192e-03 1.394177165949017194e+00
8.151186226057356432e-01 1.838431306944579569e-01 -2.298078832208584887e-01 1.401574083199682574e+00
8.707796049346049339e-01 9.422813872613196307e-02 -1.002422999173630674e-01 1.485959735813385585e+00
8.555285219778633321e-01 8.762370795926377465e-02 4.568656100702289669e-02 1.443001727924671629e+00
8.460332811192662339e-01 2.468458210640466777e-01 -1.050568939744261042e-02 1.454220007072696275e+00
8.666936108464272648e-01 1.160315411204578540e-01 3.028995810056749408e-02 1.472012161362780347e+00
8.693727296175529640e-01 1.690144402429957504e-01 -1.339519805670315034e-01 1.500328245669188432e+00
8.528865730947068347e-01 1.082102707054304475e-01 2.507895722181853124e-02 1.438110027461242613e+00
8.654794376046776039e-01 1.733556287174691235e-01 -8.333970155789098555e-02 1.484592811575077054e+00
8.629409145092722389e-01 1.887548151498039117e-01 -7.399223589107130350e-02 1.480817794762782080e+00
7.398859490057434485e-01 1.201824219857286630e-01 -1.438806164598539217e-01 1.220956725145061705e+00
8.594822863537775470e-01 2.135884636200936215e-01 -5.388242783008338060e-02 1.476712916567135991e+00
8.628488448142428435e-01 1.695867062383535073e-01 1.493530836796243613e-02 1.471524560096027390e+00
7.947615424047080879e-01 1.854482302104578373e-01 -2.303026146915637395e-01 1.357058296254917140e+00
8.663628646861816218e-01 1.727963718222523259e-01 -1.482992252105857500e-01 1.496728496669963437e+00
8.419297490653180338e-01 9.123876749330943337e-02 -2.834199537222783366e-02 1.409888761218203390e+00
7.341713641898590659e-01 1.137388822380674264e-01 -1.566681111136968563e-01 1.209691510967970896e+00
8.359275367259729750e-01 9.126818538181995233e-02 3.918372010809392271e-03 1.395808054956632294e+00
8.811794541734341291e-01 1.091450058039177412e-01 -1.640895370028902789e-01 1.522778777535038985e+00
8.471178948655169183e-01 1.453163135394123229e-01 -2.254936311637062152e-01 1.464554552248847452e+00
7.319821214560362499e-01 1.265765350010127077e-01 -2.112642889279003622e-01 1.216291076289381046e+00
9.696107988698160485e-01 8.903022361198335843e-02 4.537425316197916947e-02 1.716769551221891899e+00
8.507464317938497889e-01 1.584077832627811544e-01 -4.325857144723280895e-02 1.442377528770465656e+00
7.288224276144522618e-01 1.046862058251349925e-01 -2.337449966140380253e-01 1.210159960918878230e+00
8.585004796109776404e-01 2.244845102640376788e-01 -7.248921158170258672e-02 1.479395114540036360e+00
9.061627630340988171e-01 1.319055424866794612e-01 4.985960294818953670e-02 1.568836643954860000e+00
8.645071349468275157e-01 2.042912165494935595e-01 -9.838137618936879103e-02 1.491497360102503000e+00
7.610309764235093644e-01 1.253381743001196758e-01 -5.853111150961824022e-02 1.255527122273776497e+00
9.366865916757168842e-01 1.052776485155891700e-01 4.325964545011669327e-02 1.638539691706325518e+00
7.330829000708320997e-01 1.376928578929594027e-01 -2.250138726364591391e-01 1.223585603012033340e+00
8.477945762419482056e-01 1.567508259655328029e-01 -1.487406636872709749e-02 1.433768503719002885e+00
8.460412241573810332e-01 1.435456534679778740e-01 -1.343730017908951503e-02 1.427328916099427358e+00
8.581833581482525286e-01 2.282616850166676037e-01 -5.562603794294111031e-02 1.478057872060273059e+00
8.438850290433840273e-01 2.272518395387199408e-01 -1.190536108178147923e-01 1.453102447635300720e+00
7.975573455194048256e-01 1.849027521034586619e-01 -2.320349286253533538e-01 1.363585167044789603e+00
8.314506668858780980e-01 1.583956908404474118e-01 -2.400591884996128855e-01 1.435323705965784624e+00
8.610672834063524128e-01 1.429745691555626697e-01 1.293176842861720223e-02 1.462289401300900016e+00
8.446653043129215277e-01 2.447078969909428636e-01 -5.336116456236911915e-02 1.452456621291556838e+00
8.127583786186448611e-01 1.553684713169390108e-01 -2.646578591882608467e-01 1.400583349697045898e+00
8.588212249389431951e-01 2.008135821319411429e-01 -1.373362222104529684e-01 1.483579886947244519e+00
8.232354580905111296e-01 2.077979762923873874e-01 -1.779088503973024205e-01 1.412612999076223064e+00
8.616782767360193773e-01 2.146493065785102516e-01 -6.905713413638613074e-02 1.483755287787832611e+00
9.667393023532518948e-01 8.951840457668994167e-02 4.855163703782550827e-02 1.710198533020567568e+00
7.621107867517520340e-01 1.614516934216678745e-01 -2.712356731624542827e-01 1.293465201935168229e+00
8.594334784641984859e-01 1.090596267789409879e-01 3.224342624765497850e-02 1.453868096625834383e+00
8.492673728278097300e-01 9.437197947018348410e-02 -4.660627754443773252e-02 1.428862822318011760e+00
9.475672628045546109e-01 9.862115215993491613e-02 6.190360650715296537e-02 1.665381802043262915e+00
8.535809596262556864e-01 1.378049547943649977e-01 -5.762419550099880799e-02 1.446653734477696407e+00
8.617429610861220279e-01 1.887556008818344899e-01 -6.658357349924758084e-02 1.477093287946249944e+00
9.601916139918192927e-01 9.199817622218015023e-02 4.623464454946971114e-02 1.694234914375477796e+00
8.629174383501265755e-01 2.050197111968558861e-01 -7.312175040954090044e-02 1.484578242699686079e+00
8.396608418082611713e-01 1.129090357682928369e-01 -9.153800071181284956e-03 1.407777375117601926e+00
8.579676083981533363e-01 2.164620162188362618e-01 -4.002976681624383082e-02 1.472787284787567597e+00
9.691901030138572182e-01 8.965650813230499616e-02 4.744393132867698315e-02 1.716093555780399571e+00
8.409043562385263293e-01 2.279005699183740963e-01 -1.180929581661955136e-01 1.446402586510499910e+00
8.956242476181801582e-01 1.424297461832056966e-01 9.869279174512317343e-02 1.548289753013755154e+00
8.598765793018039449e-01 1.732738449905251443e-01 -6.333111449593786801e-02 1.468862609249562690e+00
7.511458392883961777e-01 1.202897553767709460e-01 -7.708567542863095645e-02 1.235530183119161185e+00
8.699959335656011206e-01 9.149023703330486090e-02 -9.756485794801872391e-02 1.483395891543908718e+00
8.494938468587863722e-01 1.720815894741897223e-01 -2.775884627744521285e-02 1.441059550786494503e+00
8.683602170069906201e-01 2.035640573477501825e-01 6.912027183822563869e-02 1.495909492396874318e+00
8.607927121070366727e-01 1.932379395988486626e-01 -6.169741431406289972e-02 1.475399418039417654e+00
8.574096326948767999e-01 2.235490330027258554e-01 -3.281081365611968753e-02 1.472142628816982102e+00
8.531730259214183043e-01 1.909798459212294353e-01 -2.213015428204321428e-02 1.454073598290419378e+00
8.693400315736137252e-01 1.152520118105008901e-01 3.203337224348545842e-02 1.478301150105000294e+00
7.331588208638282200e-01 1.140393585664537385e-01 -2.052773564140268070e-01 1.215720305124002643e+00
8.063979701792362009e-01 1.883616514061213221e-01 -2.238331449429198650e-01 1.381751957488350113e+00
8.619332739780910524e-01 1.110760929903115424e-01 3.236167753498358363e-02 1.460134797282006014e+00
8.476289850644617152e-01 1.275109080115460480e-01 1.665684621382386692e-03 1.428248466772780834e+00
8.528290569495829976e-01 1.680750648736221153e-01 -4.503064573560149053e-02 1.448891413026623942e+00
8.384489655174262035e-01 1.073143548989451967e-01 -2.038511776387350038e-02 1.404254462397634962e+00
8.516145709887928961e-01 1.453637679626558765e-01 -2.167121567815613881e-01 1.472549999811526344e+00
8.584259884911332739e-01 2.208102039160971253e-01 -4.001576190901356966e-02 1.474902299696895902e+00
7.338566426491517358e-01 1.050373686449729005e-01 -1.488996529716756223e-01 1.206130320321152416e+00
8.597294264709981482e-01 2.181681042706866414e-01 -5.467243395573603837e-02 1.478661877277590131e+00
8.559492914496189542e-01 1.770104684921173788e-01 -5.209979307265489440e-02 1.458842092895867193e+00
8.636791907791228073e-01 1.944666291159647398e-01 -7.627975467493608441e-02 1.484157305896270485e+00
8.324148905261574694e-01 1.757503185445732641e-01 -2.225732984724090036e-01 1.436490119834200607e+00
7.569115884410414496e-01 1.214050076395276762e-01 -6.244146038023658252e-02 1.246565941156071666e+00
8.443135774992367448e-01 2.398811701044724354e-01 -7.609601352440906186e-02 1.452150460090158024e+00
8.855585399053678142e-01 1.158211758491697052e-01 2.931072811710795298e-02 1.517169882938418812e+00
8.666847398580161954e-01 1.878319066275300486e-01 -1.176343178185440402e-01 1.495515022899882362e+00
8.610296443168848901e-01 2.094551620703101469e-01 -6.003561261038391911e-02 1.479766915351249379e+00
8.381917988415283904e-01 1.073862272397970025e-01 -1.023033279402586759e-02 1.403463148746812772e+00
8.644508236422144831e-01 1.100411355290350224e-01 3.458403123199070561e-02 1.466138838719952098e+00
8.384886144644976280e-01 8.956156585336325082e-02 1.429857003778402594e-02 1.401748046340729248e+00
8.493489468590070812e-01 1.537148531709014165e-01 -4.229531181214249425e-02 1.438259621919962372e+00
8.608453134661883110e-01 2.140812607456757666e-01 2.029884206396998653e-02 1.478448308042137560e+00
8.688160586207651637e-01 1.715183223777079768e-01 -1.069531586699167813e-01 1.495297004513826078e+00
8.503987624531570422e-01 1.333208086693633276e-01 -5.091649723030478025e-02 1.437855778654294481e+00
8.463572970108288462e-01 1.501137529055815156e-01 -1.773081182344913437e-02 1.429303560471801182e+00
8.460752519117715753e-01 1.397861884071166794e-01 -3.417609267853995852e-02 1.427685510639271182e+00
8.536108760387550731e-01 1.637844038197506236e-01 -4.915844374350249874e-02 1.450521338458265364e+00
7.299038469389067529e-01 1.204531357601757308e-01 -2.197068425153986815e-01 1.212240312644397466e+00
8.500534122066487619e-01 1.778275385440828693e-01 -3.027215935087018348e-02 1.443599110582377332e+00
8.645819735659375782e-01 1.836991087961308555e-01 -7.964958420762077718e-02 1.484224733143876263e+00
9.594983720877435784e-01 9.343290586315336488e-02 4.722165136871670638e-02 1.692780425722260063e+00
8.593691887129334406e-01 2.043620432057573766e-01 -5.166670647504405939e-02 1.473795992061768922e+00
8.414436970196297327e-01 9.284033152480723750e-02 -2.870097185473648518e-02 1.409075922741396258e+00
8.307344674742789259e-01 2.179979247648460017e-01 -1.472219616267302356e-01 1.425643325680600926e+00
8.657216323041247996e-01 1.303463618656191536e-01 -2.087053438409579853e-01 1.500538330059526748e+00
8.388767072838225758e-01 9.168178544278426934e-02 1.326408891987508262e-02 1.402928104172390222e+00
8.469008220876383941e-01 1.522445506660207171e-01 -1.461346664152708523e-02 1.430849671222461872e+00
8.592985069060969927e-01 2.130698004505827692e-01 -4.667045431284090606e-02 1.475527505100730385e+00
8.392829507190222582e-01 1.105484830640552363e-01 -2.198301812688157816e-02 1.406745941521216015e+00
9.268483581043990283e-01 1.089951590203704357e-01 7.787192468230293152e-02 1.617711523390321204e+00
8.475873569134982910e-01 1.288010631424597874e-01 -4.470022540356467095e-02 1.430073110412866555e+00
8.451332149101703495e-01 2.468033642756297663e-01 -3.186722212663997689e-02 1.452878516054743052e+00
8.539312566928055626e-01 8.793583330843146584e-02 4.351382562276309707e-02 1.439077399150261449e+00
8.650039496087515989e-01 1.684043670705088203e-01 1.857196438717514247e-02 1.476426834952905054e+00
8.428431217291079136e-01 1.764338614391537108e-01 -2.059169424900127998e-01 1.456007759463082918e+00
8.375628392157696833e-01 1.012671651449327109e-01 -1.701359329399587672e-02 1.401176799383934357e+00
8.675598434681414117e-01 2.029296309109699936e-01 7.720786403406906806e-02 1.494987888770895834e+00
8.616864923739534499e-01 8.888351132399245624e-02 -6.798045598805077527e-02 1.459435096268329568e+00
8.634139658334497591e-01 1.062379021547670971e-01 3.656333220667770667e-02 1.463315564543226976e+00
8.527813514314521726e-01 1.704944811137957539e-01 -3.428138822275159786e-02 1.448556168749757456e+00
8.381062679682659278e-01 1.022012638236238641e-01 -2.085775903336941489e-02 1.402681127232576541e+00
8.559316584443247278e-01 1.908047820197192879e-01 -1.617851032080879214e-01 1.479328706330060417e+00
8.492591637693440720e-01 1.291979236906245498e-01 -4.950471845922629205e-02 1.434404900626451207e+00
8.604515601753983667e-01 2.044213706532273800e-01 -5.858115132306672412e-02 1.476957271362642876e+00
8.524409391499714328e-01 1.334618478861300528e-01 -5.616001861133927686e-02 1.443115531192901813e+00
9.493487257684367631e-01 7.791840340352756966e-02 6.768432847029089150e-02 1.668520334066316391e+00
8.482522693159231242e-01 1.307502666602801955e-01 6.668250019734109227e-04 1.430200135010308182e+00
7.987544994992958891e-01 1.528629540305695977e-01 -2.789853279565551736e-01 1.377251119952033420e+00
8.485971222690938953e-01 2.430031218386510816e-01 1.191738451874493725e-02 1.458731954287606936e+00
8.379128107934024072e-01 9.737673559053819372e-02 -2.104598132845273556e-02 1.401487471607868018e+00
8.471137078829492628e-01 1.590554469024212103e-01 -1.877825960840564384e-02 1.432746645997739598e+00
8.531265111832003756e-01 1.886872242452181103e-01 -2.749013509693391463e-02 1.453512531195987112e+00
8.523965766891538065e-01 1.676334006857368997e-01 -3.930964728637225541e-02 1.447391337183276949e+00
8.390998465523145100e-01 1.082238440621866721e-01 -4.098035444703229842e-03 1.405645268792595326e+00
8.632527287260179927e-01 1.685967538048588343e-01 -7.507739342846517228e-02 1.477425127464761179e+00
7.350735755132398186e-01 1.070754881370242634e-01 -1.461902967826440303e-01 1.208672848463425042e+00
8.581938907705790598e-01 1.250374662211647114e-01 -6.948385058803245584e-02 1.456583978504794485e+00
8.068737561044102558e-01 1.968372521508439943e-01 -2.047127115941549669e-01 1.379678182950258680e+00
8.465206644032018390e-01 1.247241491056542279e-01 -4.333789366986784408e-02 1.426842016146021574e+00
8.399548927953324196e-01 1.100944654294845754e-01 -1.834981166952228586e-03 1.407914256726627622e+00
8.654220694072692899e-01 1.833289846669101941e-01 -8.743896569842965483e-02 1.487151517286123159e+00
7.536060840856712018e-01 1.570635580495461092e-01 -2.760964947679688253e-01 1.275939432234447724e+00
7.546855672465295761e-01 1.199858478725481237e-01 -6.668139620233527742e-02 1.241893750458561207e+00
8.386639384047184231e-01 1.002128035582634802e-01 -2.290148466853687836e-02 1.403727487769386384e+00
8.574569727984612255e-01 2.175867520946551947e-01 -2.627007565350893831e-02 1.470398369297774455e+00
8.655211758658484245e-01 1.056669357152139888e-01 3.865298697574434672e-02 1.468395455099040126e+00
8.435739675159932283e-01 1.100696258991921417e-01 9.161016369133568454e-03 1.416325271204801117e+00
8.551707766818782419e-01 1.637657926396014207e-01 -5.466231575335797621e-02 1.454906839666387341e+00
8.638553331282383674e-01 1.016339947437998742e-01 4.098142682304209417e-02 1.464075629666893308e+00
8.517829514597358154e-01 1.847693775708332264e-01 -2.760681280992067360e-02 1.449317898528698079e+00
8.835679891979492107e-01 1.207025228127890648e-01 2.732983863143738021e-02 1.512518537521858386e+00
8.606358362966859410e-01 1.153546696160784729e-01 2.803021061820113249e-02 1.457409446263562280e+00
8.513829301470696720e-01 1.820143186464084906e-01 -3.144944676903715930e-02 1.447722233585584606e+00
7.605527083229465246e-01 1.248513882138843900e-01 -5.782913796768233972e-02 1.254573136050463056e+00
8.502277800818732745e-01 1.499286507354007925e-01 -4.594251826763007945e-02 1.439943817978951435e+00
8.678613790505300685e-01 1.670244925973201622e-01 -9.607320147127616783e-02 1.490591242344280198e+00
9.635878557135254541e-01 9.003054178687980302e-02 4.525049939801491228e-02 1.702222539586774053e+00
7.457359491427580922e-01 1.186575804667646949e-01 -9.492687210894229510e-02 1.225697618071747375e+00
8.371133145361745465e-01 9.649915078776041821e-02 -1.714684504009959462e-02 1.399385520186794185e+00
8.476818050359414825e-01 1.498492522230369661e-01 -1.104909421422810983e-02 1.432157767542959315e+00
8.381534925064709762e-01 1.084702298968048678e-01 -1.417135609057688407e-02 1.403606953531476798e+00
9.301175065042286416e-01 8.688796594770671622e-02 9.219433301958168681e-02 1.624786503742167154e+00
8.331302209645783385e-01 1.479899539809828579e-01 -2.496650872702058932e-01 1.440111125567794303e+00
8.515933294628346140e-01 1.537822402407440503e-01 -1.844060386325212285e-03 1.441755342021737052e+00
8.450859548665458076e-01 1.240758429584487982e-01 -3.885017617845807486e-02 1.423108863686876724e+00
7.653785988795616113e-01 1.626935087271893510e-01 -2.730042364133057897e-01 1.301490136889474458e+00
7.619256893905512751e-01 1.240827064573020444e-01 -5.551441134528448812e-02 1.257250447921487879e+00
8.399467493843312260e-01 1.114152174644670867e-01 -2.600239200096949796e-02 1.408557469455791189e+00
8.418188033937802350e-01 1.155863763068762373e-01 -3.168257554781058610e-02 1.413798662781075022e+00
8.561613076158411939e-01 1.373226657024852471e-01 -2.227482173547005173e-01 1.483231955372036781e+00
7.865108589044015330e-01 1.819233910900029672e-01 -2.376536924265433559e-01 1.340136527509400155e+00
9.671827826141600193e-01 8.844238704173881804e-02 4.608718527514221036e-02 1.710912384025877531e+00
8.359287919323760141e-01 9.481451680328310816e-02 -9.463753849578256799e-03 1.396228640220138262e+00
8.517258441229795807e-01 1.746643514984385082e-01 -3.253703105263794360e-02 1.446950808895623330e+00
7.473919034267050288e-01 1.547138682859416636e-01 -2.967887547571412821e-01 1.274339614618523742e+00
8.440427096166168708e-01 1.200408346349205319e-01 -3.743754428097318537e-02 1.419965895350456586e+00
8.483089060960002925e-01 1.406353268728711414e-01 -2.291234363614602920e-01 1.467441983441666542e+00
8.394006108278542211e-01 9.300907387108514612e-02 -2.356152841216812427e-02 1.404189705071434924e+00
8.354870186597165294e-01 9.220218369164474848e-02 8.061146896354580340e-04 1.394861968351433168e+00
8.413964416644851285e-01 1.207356954561083634e-01 -2.632870842614239495e-02 1.413429797293813017e+00
8.505771660479187757e-01 1.688360128735537369e-01 -3.125479179730665524e-02 1.443004737256434300e+00
7.410848330288535291e-01 1.124146949265507067e-01 -1.185853040893772997e-01 1.218039076346032257e+00
8.442436269607475063e-01 2.336473181751476669e-01 -9.693626904626187479e-02 1.452646873576172171e+00
8.428718634380404362e-01 9.309910500211364404e-02 -3.226834438394782234e-02 1.412716271454991013e+00
8.409030293434409664e-01 1.133291583820526666e-01 -2.897480520268471121e-03 1.410661930898804206e+00
9.882735210074040655e-01 8.604930662706700151e-02 7.951230649511119297e-02 1.763919981945040183e+00
8.510380557184841210e-01 2.415154929624568625e-01 -2.893520711614544494e-02 1.464250373113254788e+00
9.879965613882177866e-01 8.684308603855694919e-02 7.940233172389665750e-02 1.763364899533199637e+00
9.642859192092476661e-01 8.805611142437549943e-02 4.631040754063811549e-02 1.703856038649302684e+00
8.590963560727382653e-01 2.217968116347920626e-01 2.465584818348252882e-02 1.476745817854188347e+00
7.602642930838592328e-01 1.210909758097901828e-01 -5.636564633545083219e-02 1.253171214120777366e+00
8.389820978947286623e-01 1.117994333363099696e-01 -1.564594013008190759e-02 1.406101191529619321e+00
8.534964690687877331e-01 1.901566366108800865e-01 -3.215171100230896500e-02 1.454975055514409643e+00
8.517195459090295406e-01 2.390307326558562817e-01 -1.137935530193702992e-02 1.464443819834407856e+00
8.391603061176796663e-01 1.128145347161856465e-01 -1.959680790056063382e-02 1.406762076268214035e+00
7.286614690417713147e-01 1.292498224216217517e-01 -2.692545567367552461e-01 1.221777334105243584e+00
8.410562343754748316e-01 9.536959322726262789e-02 -2.906515439214563470e-02 1.408716205175048364e+00
8.527055677248031040e-01 1.698781880112121001e-01 -3.929769779517131890e-03 1.447624057923564189e+00
8.521355789465853148e-01 1.850650869245321628e-01 -1.865575698022813034e-02 1.450037139335156766e+00
8.397232876376777844e-01 1.010016927647758717e-01 -2.685634575899147405e-02 1.406442570907429523e+00
8.581842239855633769e-01 2.151679659844435710e-01 -3.319300649522255453e-02 1.472329116204318389e+00
8.842676604190118361e-01 1.694142506996786923e-01 9.293585297042653015e-02 1.526480185231749109e+00
8.576818424528633855e-01 2.201595094373568484e-01 2.186454454529062393e-03 1.472112645996805025e+00
8.658889321546289208e-01 1.887319197468671494e-01 -8.999020132610448253e-02 1.489808658950056319e+00
8.517513634422436697e-01 9.394114174170328790e-02 -5.133596702930461053e-02 1.435018635300206347e+00
9.499131381269093621e-01 6.902737780636727938e-02 3.304956950859631870e-02 1.668100990090995328e+00
8.534323445500819894e-01 1.890226263138360119e-01 -1.792927145520851334e-02 1.454047829750713339e+00
8.393302276357075264e-01 1.140295259538624123e-01 -1.321594788573757923e-02 1.407254259083760228e+00
8.446318188013386408e-01 1.132477271706178734e-01 8.208417309978781329e-03 1.419216874778918891e+00
7.330530197793411196e-01 1.252753641194799816e-01 -1.979931917754115811e-01 1.215904572029793851e+00
8.579272904690871115e-01 1.491158628688050991e-01 8.742740708739978744e-03 1.455907456968400071e+00
7.636084703733592161e-01 1.651169280144451634e-01 -2.652725822558147928e-01 1.295294515805682112e+00
8.397334814205981157e-01 1.059991787756989490e-01 -2.657978889027685573e-02 1.407234903483117749e+00
7.327501501148909746e-01 1.483318647587947847e-01 -2.326774395473619750e-01 1.227973564496978254e+00
8.371849822287279475e-01 9.154491403463729804e-02 8.612313702653386777e-03 1.398865404706142179e+00
9.348662517758207224e-01 1.096961029355386086e-01 5.080004309256496570e-02 1.635003409060993729e+00
8.427767535151857725e-01 1.192399443910846513e-01 -3.316092017082444832e-02 1.416669376348029363e+00
8.539741378787564230e-01 1.904863555302302169e-01 -1.274821745286677278e-02 1.455575699309931359e+00
8.580318252456323735e-01 2.181814021353084831e-01 -1.227402352413529095e-02 1.472099906448808060e+00
7.294467868589064041e-01 1.016090053150779937e-01 -2.069902129085184339e-01 1.206228085966571717e+00
7.980799000399250165e-01 1.642398864893142851e-01 -2.829442933688884887e-01 1.374120568644874085e+00
7.490507450609776852e-01 1.187461076029520390e-01 -8.254989926366146369e-02 1.231312398591983381e+00
8.815605215508076631e-01 1.765529315290600698e-01 9.123858527678209429e-02 1.521616050563901146e+00
9.742956309276523674e-01 8.991661945792601973e-02 4.749941342135535760e-02 1.728421703797849540e+00
8.928292971631023311e-01 1.554028921261297325e-01 7.869707057381959692e-02 1.543860741696828409e+00
8.489937525452460054e-01 1.371365731240819508e-01 -4.716783908947375092e-02 1.434926355076850957e+00
8.479258263517646110e-01 1.630678556351768949e-01 -2.703679507377961325e-02 1.435706961869264386e+00
8.558701230892137302e-01 2.295019332355497377e-01 2.990992648428246470e-02 1.471977567650871954e+00
8.408427658025265927e-01 1.147735031162600838e-01 -2.754843804410794100e-02 1.411228365468493173e+00
9.722642376603995995e-01 9.040643130410383477e-02 4.681261125824135588e-02 1.723607013527235443e+00
8.669989727152289660e-01 1.643883012020477263e-01 2.067589676121472583e-02 1.480366631600341432e+00
8.517517113660389994e-01 1.758891236319394535e-01 -1.897689481746239470e-01 1.472385432738519961e+00
8.645684456101089266e-01 1.714271410343608804e-01 -1.581750610932285139e-01 1.494189849322803187e+00
7.390957636915399531e-01 1.098053375921414915e-01 -1.283227538659594547e-01 1.214859136242486981e+00
8.424510582957960292e-01 9.583265371985301428e-02 -3.278813108401695126e-02 1.412211572686981498e+00
8.364998639404890302e-01 9.251410552230898698e-02 5.566695071583649575e-03 1.397354311638111524e+00
8.601580737299795443e-01 1.634931848085307837e-01 -6.712652105713642903e-02 1.468301385404415571e+00
8.675377588911247217e-01 1.771843105982689182e-01 -1.014347343704415094e-01 1.492709285098701377e+00
8.565134045737129442e-01 1.592779759907558268e-01 -5.919187203260969227e-02 1.457883878147371304e+00
8.549193597494265662e-01 1.549690905524016837e-01 -5.767090822423516505e-02 1.453088142760404988e+00
8.690923050794416849e-01 1.706988264093029783e-01 -1.156275963965216480e-01 1.497078509819578462e+00
8.481286133156891172e-01 1.636943984932502927e-01 -1.899937415390553705e-02 1.436020189412258841e+00
8.504414980133596647e-01 1.570415817096842137e-01 -4.886037127748001606e-03 1.439787617313216694e+00
8.410881063830922821e-01 9.165427584717021625e-02 1.810821754544470613e-02 1.408208000877464672e+00
9.056416315766907532e-01 1.157727929360429925e-01 2.558331261419006381e-02 1.564844010118718431e+00
8.934922899187445200e-01 1.483352696744400789e-01 9.852819343535972052e-02 1.544348121079324399e+00
8.458253105996236254e-01 1.493973795093580526e-01 -2.481337316104552729e-02 1.428230605802359943e+00
8.356986698531743141e-01 9.403055960198333785e-02 -5.810012389272918402e-03 1.395557508647692346e+00
8.647277037350917794e-01 1.683386269337842078e-01 -8.161394415094612442e-02 1.481627022368804614e+00
8.422344534441614794e-01 1.219272014139076987e-01 -3.044674032208449788e-02 1.415714419689981796e+00
8.425064109740875162e-01 1.930460820921397203e-01 -1.860830335586859396e-01 1.454395401152666967e+00
8.486125594701364738e-01 1.644758933499510523e-01 -3.126691170384986174e-02 1.437691169379198053e+00
8.590227438630396728e-01 1.741241860466879177e-01 -1.737591975858579219e-01 1.485169917312399335e+00
7.972079219456719157e-01 1.891684255982503116e-01 -2.217506175375027477e-01 1.360880026272311527e+00
8.405087434056300877e-01 1.086798925820312567e-01 1.615572277246253097e-03 1.408970757562082010e+00
8.159982361583566490e-01 2.045336315907970159e-01 -1.865934689478228048e-01 1.397494723478742262e+00
8.387250459663098123e-01 1.095253376456854222e-01 -7.896225312835753601e-03 1.405016687925929597e+00
9.089629720552858672e-01 1.089612901448515497e-01 1.239244128779196270e-02 1.572342965311156249e+00
8.575451293588675084e-01 2.194273552765355073e-01 8.505675177447106355e-03 1.472148771146563728e+00
8.620761502367634277e-01 1.161381065487099296e-01 -7.730537286357144766e-02 1.465590152216154962e+00
8.467176197290835482e-01 1.584098583694843465e-01 -2.651671718907653783e-02 1.432014395698658404e+00
8.379656617781111594e-01 9.277127320988325099e-02 1.029321061028508691e-02 1.400894113608822211e+00
8.518592505401966219e-01 1.503346176351583463e-01 -5.085041220640347526e-02 1.444278256755629597e+00
8.518762046441028524e-01 1.831952041386229746e-01 -2.316621274951332146e-02 1.449059524332289683e+00
8.400375583057427820e-01 1.161952447659995724e-01 -2.098498000061508814e-02 1.409394593986994515e+00
7.362359485653491298e-01 1.525312590817544389e-01 -2.434575123065335911e-01 1.239322035534308641e+00
8.556136663092779315e-01 1.376799744019319705e-01 -6.315861381487591908e-02 1.451950126807572961e+00
8.997278478433017312e-01 1.314417763455290045e-01 1.019392548196756815e-01 1.556394094910527492e+00
8.399069683470612446e-01 9.289483752213432977e-02 1.503690353853719130e-02 1.405545952092752460e+00
8.441759014123424443e-01 1.135892658551044404e-01 -3.854321956624396500e-02 1.419322147668631739e+00
8.405129856918057696e-01 1.147706962268493502e-01 -6.552776368696950314e-03 1.410068683628869390e+00
8.630904657058068308e-01 1.400984858148119072e-01 1.508827381907835129e-02 1.466608182990368991e+00
8.587614605472052576e-01 1.585977504204501842e-01 -6.547054799971210870e-02 1.463978476166177378e+00
8.791969612020652525e-01 1.177153932138555459e-01 3.449422989343321755e-02 1.502901483616406297e+00
8.494397159280978604e-01 1.558347961672870152e-01 -8.051214400535184126e-03 1.437280184373178393e+00
8.616005823614855119e-01 2.144040354194903797e-01 6.681202003899759656e-02 1.483631693795461670e+00
7.384203328004989020e-01 1.194283247902364203e-01 -1.315927843306164968e-01 1.215319706171304581e+00
8.450435751428768683e-01 1.433660106817204738e-01 -1.993475115263739980e-02 1.425187500394951234e+00
8.478158036238433448e-01 1.657889209959545473e-01 -2.324705254907493898e-02 1.435847110947536809e+00
7.521346171398163305e-01 1.235057137811864519e-01 -7.691320946870901232e-02 1.238314018540680905e+00
8.630112723956688825e-01 1.143742098749509911e-01 3.051036603168589753e-02 1.463048038820348618e+00
8.564695906935819725e-01 1.147429484818516254e-01 2.448995599012710606e-02 1.447332543190121834e+00
8.684270044395090427e-01 1.678864492389025853e-01 -1.433769875190959719e-01 1.499556843516582028e+00
7.618843003995399155e-01 1.222107036162559668e-01 -5.486194962833535610e-02 1.256804881835655641e+00
7.627003158488590007e-01 1.244136705679821236e-01 -5.647482440264451481e-02 1.258700802617182868e+00
8.449022054072242716e-01 1.449680507180231281e-01 -2.385520552060870630e-02 1.425282294695584095e+00
8.506398811538843363e-01 1.718625602578854050e-01 -1.124783102392053202e-02 1.443332899550880066e+00
7.619733123316246859e-01 1.197860040838377438e-01 -5.424822741879185839e-02 1.256478426345376098e+00
8.534151434442150963e-01 9.272855338460413155e-02 -5.389497565334267631e-02 1.438984764685262929e+00
8.563117348062445622e-01 1.522838001524945417e-01 6.278685475825220366e-03 1.452651496264248943e+00
8.971248234643179886e-01 1.452647478013845972e-01 9.704145984074795395e-02 1.552123099366222059e+00
8.485028983604693265e-01 1.585564432102429810e-01 -1.150758778817786120e-02 1.435671620738915077e+00
8.444497225273301932e-01 1.372239832364195444e-01 -1.506464593848686091e-02 1.422715626573076708e+00
8.423128055604173214e-01 1.087601369607793939e-01 7.013276995773547531e-03 1.413197797381074095e+00
8.578977726439850349e-01 2.156612612500609372e-01 -2.007071817124933891e-02 1.471354941416515016e+00
8.440902787685246045e-01 1.391781997626884426e-01 -1.892346398702194482e-02 1.422280536481193458e+00
8.486784902013354559e-01 1.657271532201888553e-01 -1.523635661998432381e-02 1.437590526068825536e+00
8.622314165090473326e-01 2.091432231902792538e-01 2.301101963976855125e-02 1.480355115717657766e+00
9.096005712832097023e-01 1.294811503349928006e-01 7.899124609812573083e-02 1.578496997628912712e+00
9.878442697795687399e-01 8.771474506064684540e-02 7.933766734555171285e-02 1.763102181532277823e+00
8.489289767222479854e-01 1.032221572383093949e-01 -4.798507774790981839e-02 1.429365418240571728e+00
8.468218025705356311e-01 1.566297062886146119e-01 -2.226708506511403118e-02 1.431742446926305590e+00
8.494902955048027060e-01 1.630578096554860523e-01 -1.143441581211743566e-02 1.438844031748726549e+00
8.620382232154025770e-01 1.632764512674762247e-01 -7.329719538764177533e-02 1.473503958826222204e+00
8.581409040286751555e-01 2.148120932328263233e-01 -8.653755636140694112e-04 1.472124604453772356e+00
8.485132437938356365e-01 8.732468988815582367e-02 3.906201098151484280e-02 1.425903655601197251e+00
8.419313172017997005e-01 1.148919719499383041e-01 -5.220742058239589804e-04 1.413277601939260109e+00
8.405805716381841153e-01 1.090843504633030175e-01 -2.833649603723979379e-02 1.409752255190861669e+00
9.882724227954154950e-01 8.625867261529350516e-02 7.909613185441272121e-02 1.763949059767273342e+00
8.540982914295235373e-01 1.590301913159435365e-01 1.463970228024396875e-03 1.448704336322023556e+00
9.615525784042167068e-01 8.678758825613785977e-02 4.744244632458819583e-02 1.697209119301051894e+00
9.008432135798462026e-01 1.225475603694905075e-01 3.178985021395020621e-02 1.553940977024152570e+00
8.572099056014629292e-01 2.280778735117796052e-01 -8.521581792600434191e-02 1.478858700788693081e+00
8.375206526186845801e-01 8.640101845234791911e-02 1.540801069173805202e-02 1.399073267599004300e+00
8.694550021491044278e-01 1.455958812944653513e-01 -1.012698844516159435e-01 1.490804865239239829e+00
9.609230346684904944e-01 8.967932501050054905e-02 4.552694588108911061e-02 1.695729741757242781e+00
7.414711075642336224e-01 1.253330351789814778e-01 -1.313459173288352433e-01 1.223213953680878152e+00
8.420164228407777118e-01 9.247188707407556774e-02 2.013599806287125552e-02 1.410551650170789539e+00
8.425553556294927970e-01 1.134256839851779525e-01 2.816026547307738312e-03 1.414438261638435890e+00
8.459010026378106506e-01 1.520693119255793202e-01 -2.168027276442140508e-02 1.428738320391518934e+00
8.401549585599333847e-01 1.173052135735618839e-01 -1.450008587908213457e-02 1.409781272489694093e+00
8.514981206225310517e-01 1.614175936369626196e-01 -4.593762364490777336e-03 1.443096026413408506e+00
9.447926169126726892e-01 5.775854028461617495e-02 8.010265188700721462e-02 1.657549370356371732e+00
8.659518547178987058e-01 1.628148948053242950e-01 -8.638330654537143549e-02 1.484059197438087008e+00
8.604946672877185065e-01 1.036399836539702579e-01 3.664240406525162003e-02 1.456052304459636737e+00
8.644717207390815172e-01 2.090631953802995213e-01 6.676329721419475838e-02 1.488422131379825819e+00
8.446897391416855472e-01 1.327403095211993622e-01 -7.916993385690277232e-03 1.422438818483267253e+00
9.788811260924634716e-01 8.818417351740449883e-02 5.287993231717798281e-02 1.739455980153471915e+00
9.886965859253530331e-01 8.783344136705319161e-02 8.704068920438125245e-02 1.765742151800703041e+00
8.403953243678414786e-01 9.366915659505807568e-02 -2.714867218378879191e-02 1.406774531552823504e+00
8.388685523997321258e-01 1.051949490149283045e-01 -2.261769831363072067e-02 1.404965447050594118e+00
8.481359746811901745e-01 2.296145874695909028e-01 -1.099136255179441052e-01 1.462071123797197503e+00
8.601222346237576977e-01 1.492842271340144300e-01 1.122986516539400265e-02 1.461120751154256991e+00
8.498708772498629882e-01 1.703234825712507949e-01 -1.510674515529896594e-02 1.441313906887758067e+00
8.591985399284705061e-01 1.909514110331189674e-01 5.196999502361769260e-03 1.467146397217089282e+00
8.515856717709114898e-01 1.689189867483040786e-01 -7.519036088195187040e-03 1.444843775398350516e+00
8.441883235562349652e-01 1.272238219878882859e-01 -3.578254170247238686e-02 1.421349015996093090e+00
7.621698450411235060e-01 1.252514939057073062e-01 -5.619690279687604428e-02 1.257896231212750404e+00
8.748272504224857693e-01 1.905254912651847266e-01 8.513288762621332162e-02 1.508902611817850348e+00
9.894518040625427391e-01 8.584419504247102484e-02 8.657979674603938358e-02 1.767290233713309622e+00
8.453994802826608757e-01 1.431622636996153219e-01 -2.365799329650007665e-01 1.463335142301478431e+00
8.538530825330113982e-01 1.665058855382921532e-01 -7.830526888576031311e-04 1.449609953149098907e+00
8.596725766084075682e-01 2.153763013499191969e-01 1.298796234510447498e-02 1.476018911758437246e+00
8.459895507223005318e-01 1.144608058548343688e-01 1.024738972700184672e-02 1.422545245614407872e+00
8.438306997619624550e-01 9.245571779974313953e-02 -3.367219945097080919e-02 1.414962031811311860e+00
8.531193713245740495e-01 1.549722686043853992e-01 9.575225302190163009e-04 1.445630250034316777e+00
8.457434681431500456e-01 1.369874346973282142e-01 -9.020646164896811703e-03 1.425515966394218736e+00
7.113921976228697597e-01 6.413310108237288421e-02 -2.041100570908124523e-01 1.162859154201519862e+00
7.317416397975035069e-01 1.437276018130094479e-01 -2.217603472682522781e-01 1.221834777809238437e+00
8.553196350521343749e-01 1.669696816482924007e-01 2.573737109698057048e-03 1.453166511545866291e+00
9.892791058943934956e-01 8.612387882681825368e-02 8.641221806280167950e-02 1.766921504243430308e+00
8.505861054027381574e-01 8.784896113614218405e-02 4.027691648265318419e-02 1.430926753870631174e+00
7.403081464731106065e-01 1.139223178854596036e-01 -1.182664215271872765e-01 1.216457523269627305e+00
8.547948292305297402e-01 1.517350387443834880e-01 3.342188881073118820e-03 1.448901257954417154e+00
8.365075061081365115e-01 9.740456558116518393e-02 -1.138248259799408586e-02 1.398024433062319716e+00
8.401218654063186131e-01 1.184526591584633276e-01 -1.845510972869332522e-02 1.409935823525955145e+00
8.539625539224453554e-01 1.871701386392977673e-01 -3.749567371275112915e-02 1.455474147560443576e+00
9.718989625049921921e-01 8.917272542737673946e-02 4.547305313874008131e-02 1.722312548550673839e+00
8.687992075296218086e-01 1.661325931880571760e-01 -1.040682931670964401e-01 1.493735708195501166e+00
8.680426129191745055e-01 1.575775887183793744e-01 2.066776347759676988e-02 1.481493412322048675e+00
8.407242064660845893e-01 9.914275831743582512e-02 -2.894915907605263156e-02 1.408547856477196270e+00
8.436724573795687521e-01 1.148289982478652299e-01 4.849060901865478654e-03 1.417212236690634786e+00
8.656059030848906044e-01 1.028910028516298036e-01 -8.660736669154578404e-02 1.473015933071563754e+00
8.414278174950250433e-01 1.179310472681344701e-01 -7.621554093285888565e-03 1.412818215187596760e+00
8.504397885893052456e-01 1.644928084337386187e-01 -7.895336056635145552e-03 1.441270531223535656e+00
7.439699617510597829e-01 1.132783311201056020e-01 -1.071192081450049599e-01 1.222687791629603504e+00
9.839976691887051263e-01 8.744605623795623228e-02 6.232117359379207855e-02 1.752495784880041096e+00
8.405645184333506714e-01 1.038438891191899166e-01 -2.872818530028534156e-02 1.408905936957232097e+00
9.554289574745971070e-01 9.105024917487411495e-02 5.902051314820008776e-02 1.683534602778659295e+00
8.582206262351520509e-01 2.142352147265520756e-01 -7.492665313249068960e-03 1.471999100508163405e+00
9.405844395261050428e-01 1.034580412478454808e-01 6.395989710377746051e-02 1.649135752159267776e+00
8.527793572769739594e-01 1.623420503219533961e-01 -1.393715180226387214e-03 1.446256813408366204e+00
9.712435714810294662e-01 8.933059559494128943e-02 4.692107315952306901e-02 1.720935261498701685e+00
8.118540714296886840e-01 1.775262006081012867e-01 -2.427007190425893302e-01 1.396414779209067758e+00
8.545869868468746189e-01 1.879002494849946192e-01 -8.961752438877715332e-03 1.456234785326516290e+00
8.644600491965830358e-01 1.572355816306198195e-01 -8.424843301206047519e-02 1.479368616168367234e+00
9.051277686073965212e-01 1.191303817962971606e-01 2.968271653381274536e-02 1.563842447968613936e+00
8.478088434970131315e-01 1.366553310128575394e-01 -3.332744781579080866e-03 1.430138501538107398e+00
8.404878702260176748e-01 1.171946174474587654e-01 -2.500789919108654599e-02 1.410705867958585769e+00
8.550859908374647267e-01 1.462988932598900393e-01 -6.053851429833202735e-02 1.452048041114983867e+00
8.453071919790623445e-01 1.425525255881964770e-01 -3.106854529769668971e-02 1.426182364499978039e+00
7.253596346015579455e-01 1.224388199261872978e-01 -2.680367793796120113e-01 1.214146119302903948e+00
8.450780577837977425e-01 1.392276345654306080e-01 -1.269038998121788282e-02 1.424390287517810272e+00
8.586217358136414290e-01 1.116057710223731236e-01 -7.086009266365357606e-02 1.456191586970167151e+00
8.435474660821100645e-01 9.453245820398918642e-02 -3.452154715496421472e-02 1.414660144353794724e+00
8.432587408032059528e-01 1.261872452331987970e-01 -3.173182989793619374e-02 1.418820342825091174e+00
8.612519173610831968e-01 2.196676635326335059e-01 -7.963400482876713260e-02 1.485378995399055713e+00
8.548636222904355542e-01 1.584793463510069667e-01 -2.002392175330402757e-01 1.478361096086253879e+00
9.892633302688866870e-01 8.575581903699881769e-02 8.657320478485781845e-02 1.766834212667315551e+00
8.608466385562849599e-01 9.874096621969441490e-02 4.084183387962338901e-02 1.456569674657541169e+00
7.434449873319221025e-01 1.129515733313199849e-01 -1.060435609925456241e-01 1.221295333938054561e+00
8.459799156963142552e-01 1.508524913583176030e-01 -2.906811094352918998e-02 1.429061714840511810e+00
8.704795707489110246e-01 1.647517961191012903e-01 -1.210898498324674971e-01 1.499923101867725039e+00
9.889978507506419492e-01 8.694060999225503017e-02 8.699052445127353206e-02 1.766371720353682395e+00
8.572965028959074196e-01 1.560329995072509690e-01 6.931691275988666190e-03 1.455667936777358396e+00
8.360999886779185708e-01 9.447242813428825825e-02 -7.297637019220170641e-04 1.396625428337410213e+00
8.433653116498778246e-01 8.657073953760049956e-02 3.096090798032164262e-02 1.413296598961347739e+00
9.618152604676757367e-01 8.624590834997843125e-02 4.873267636095153510e-02 1.697907214803486609e+00
8.430117348138518318e-01 1.178935271251155409e-01 -1.742058276989455782e-03 1.416331711667031978e+00
8.468750899467486493e-01 1.389713315207610489e-01 -6.642244556291039548e-03 1.428384437503281257e+00
8.610774840750536896e-01 1.526223461936878634e-01 1.197061537863280262e-02 1.463976474807865413e+00
8.591096748838970010e-01 2.238265442944603612e-01 -9.224800204695372818e-02 1.483072848424060730e+00
7.421846937024882962e-01 1.490894030132672854e-01 -2.971772345460647058e-01 1.261180863041033717e+00
8.540799784590027421e-01 1.811695592147500866e-01 -6.177006607741572855e-03 1.453340317701269591e+00
9.434007987333427048e-01 9.369290720892760327e-02 6.960679816902128059e-02 1.655431870590507115e+00
8.590210540739772194e-01 2.222891746138649094e-01 -2.530130316702418336e-02 1.474024305009291602e+00
9.500711985353821332e-01 9.331323020707173177e-02 6.347251340032088185e-02 1.671052728493557016e+00
8.560927604336542318e-01 2.257487954586229195e-01 5.402658000888348883e-02 1.472911730114801809e+00
8.824998389524085773e-01 1.214439625386491833e-01 2.498219968226013735e-02 1.511478262677371287e+00
8.535891310913492624e-01 2.387797891405405715e-01 -2.196495685744552853e-02 1.468888714907621074e+00
8.451510503957118114e-01 1.171805868879890883e-01 -4.029425492817363674e-02 1.422260853244911694e+00
8.515660986535860122e-01 8.749750754359943150e-02 4.228733233093586591e-02 1.433349531938243437e+00
8.532448810004770179e-01 1.840072886875308567e-01 -1.002535479702017576e-02 1.452148273273220047e+00
8.556348940723925711e-01 1.888070092629709762e-01 -3.899098551699593709e-03 1.458818490630446885e+00
8.407514274757289519e-01 1.191689501172198268e-01 -1.196591739732865214e-02 1.411514212279743719e+00
8.586276576452294140e-01 1.681157011135363533e-01 -6.211790341429006962e-02 1.464808369044514613e+00
8.977039253686853737e-01 1.353590885635805596e-01 1.009095188168950691e-01 1.552219122489468139e+00
7.470798392202618876e-01 1.170164104562952806e-01 -9.803407529992631819e-02 1.228750147568715256e+00
8.497678025677015690e-01 2.435839053653099107e-01 -4.479673048100698413e-02 1.463013574608558631e+00
7.489669080695839920e-01 1.569743905598738054e-01 -2.966570794329185801e-01 1.279078528624282063e+00
8.421489622788940199e-01 1.192352968477506242e-01 -5.229020971004460019e-03 1.414714997201810487e+00
8.445735879190624518e-01 1.176717148347914826e-01 3.703497063642881369e-03 1.419735401597472135e+00
8.616468117639057844e-01 1.994576289059938612e-01 -6.390809364591062969e-02 1.479074442155370095e+00
8.490652280151566034e-01 1.383013606913635618e-01 -1.141057238046207538e-03 1.433287830176637634e+00
8.504076210308189054e-01 1.358902931021904181e-01 2.033545045844462659e-03 1.436024443260703887e+00
7.533493531795120157e-01 1.556200384146891325e-01 -2.966915246469515322e-01 1.286390781661738592e+00
8.478600641065182630e-01 1.214921914921491403e-01 -4.654654879986847710e-02 1.429673723373908745e+00
7.329369582811868788e-01 1.186765812614793969e-01 -1.968637102167334896e-01 1.214418957242096919e+00
8.543610353755238807e-01 1.057281501469646834e-01 -6.059388834494711107e-02 1.443732631094599927e+00
7.564852904292714841e-01 1.189576337772400433e-01 -6.257175410631338197e-02 1.245094460566740002e+00
8.590867158025335959e-01 9.967475478669210465e-02 3.844527678030742329e-02 1.452353315174159443e+00
8.368934255578188708e-01 9.835338175996038990e-02 -1.519419112382500679e-02 1.399131868121810340e+00
7.176071848181283519e-01 7.156344363792049856e-02 -2.355853536362626510e-01 1.182598688051203384e+00
8.353034162917960526e-01 2.249391676369205118e-01 -1.274952789378879514e-01 1.434307998788823202e+00
8.760036710465303189e-01 1.385351780539283983e-01 2.401568565744004180e-02 1.496984145165637159e+00
8.360545805437592515e-01 8.888598185619719927e-02 -7.894656469110850755e-03 1.395165906750923668e+00
8.469598509443011514e-01 1.173688704635400676e-01 9.089314465953797495e-03 1.425199606186551060e+00
8.511270465239385574e-01 8.933696203753237197e-02 3.856472089597220987e-02 1.432283510695082196e+00
9.739733331608375622e-01 8.891843146890342220e-02 4.653766591477218745e-02 1.727344751134022083e+00
8.532276921068476794e-01 1.171176861879079378e-01 1.867062676522846312e-02 1.439938358417007125e+00
8.594448478968675920e-01 2.111518119012200656e-01 9.569637672400641004e-03 1.474339668166225081e+00
8.370557776802709515e-01 9.491909156564919126e-02 4.242747197618083194e-03 1.398977827466588719e+00
8.557544089160238343e-01 1.594969579253936731e-01 4.447034018833630718e-03 1.452696678313452061e+00
7.720742478126988440e-01 1.643107864031920773e-01 -2.822166141412212892e-01 1.321665643878080720e+00
8.571770275036847409e-01 1.173756903615844477e-01 2.272298838247812855e-02 1.449352274429454024e+00
8.531429009525289819e-01 2.357247122526057725e-01 -5.452007118577219258e-03 1.466437197221856614e+00
8.518853222750124576e-01 1.372295359366337009e-01 4.078640866966373388e-03 1.439689606124128440e+00
8.438774546790166475e-01 1.192232717876106907e-01 6.303231137628726463e-05 1.418440144204313080e+00
7.462055423635967077e-01 1.152496944160224523e-01 -9.703037032370571968e-02 1.226344757805095442e+00
8.505909344768400882e-01 1.769246473608184766e-01 -2.746092230189768613e-02 1.444606752572743291e+00
7.682997907201815080e-01 1.569821229600122103e-01 -2.878270065019913893e-01 1.318173859141502646e+00
8.578129427045041444e-01 1.395103514721685589e-01 1.056213962761909028e-02 1.454038727856862279e+00
8.742626691885521106e-01 1.858811988138417137e-01 4.538996969509435930e-02 1.503236338866043909e+00
8.438133892781721768e-01 1.367538981848056279e-01 -2.111972214553720084e-02 1.421353789620634078e+00
8.593897448773251124e-01 2.110051741384141588e-01 3.274338145347003431e-03 1.474113783641759712e+00
7.307917865480769715e-01 1.172533961564207194e-01 -2.629333567675020689e-01 1.226191360626321725e+00
8.385245699281268505e-01 9.524516592798927539e-02 9.107939817623065398e-03 1.402527256579817472e+00
8.344065173904580135e-01 8.587374655916876764e-02 4.802781238688684485e-04 1.391269538999100774e+00
8.426730461385142368e-01 2.465477269308782582e-01 1.430071529927154231e-03 1.446276795739062093e+00
8.558125204131631358e-01 1.389346921262424872e-01 8.537503151645664881e-03 1.449221808022203906e+00
9.602417708718579137e-01 9.143540274663952694e-02 5.405799781090638023e-02 1.694974042164169026e+00
9.741708469608706400e-01 8.943878235893032436e-02 4.748611488755914711e-02 1.728062477579664247e+00
8.246178350926025580e-01 2.116038595931691857e-01 -1.673968711774128926e-01 1.414291676696327160e+00
8.582897171561783001e-01 8.846683181996597978e-02 4.713945443613840047e-02 1.449753660706996072e+00
8.503177957592306102e-01 2.355044612937547965e-01 3.898530973004164096e-02 1.461321686462197622e+00
8.534621855546070668e-01 1.347737479121988435e-01 7.013055360501369018e-03 1.443007410346605734e+00
8.568671418059018441e-01 1.634188722895228707e-01 5.317323601016134965e-03 1.456097999495536754e+00
8.469869262307172519e-01 1.554441065050075621e-01 -3.000263611366382061e-02 1.432273221571912503e+00
8.468432099463005791e-01 1.177151779247176122e-01 -4.489872922817220169e-02 1.426594032664998624e+00
7.411247336015946985e-01 1.209990457585982671e-01 -1.162933673860484934e-01 1.218982645996195879e+00
8.542114080014292510e-01 1.415872010515622503e-01 5.940963976430611339e-03 1.445868608385278531e+00
7.321412199354055961e-01 1.387417264877181533e-01 -2.100546621126302138e-01 1.218796380978385274e+00
8.531560954106420791e-01 1.549580084577122374e-01 -5.211364203127225730e-02 1.448290696666787891e+00
8.458720345486596681e-01 1.188928673747914194e-01 5.722865547919525446e-03 1.422885826853142355e+00
8.592986590622676557e-01 1.561214090253384978e-01 9.759157566807777004e-03 1.460417704072049183e+00
8.570548937734672190e-01 1.862906355680475912e-01 3.654104666747204789e-03 1.461206019285236968e+00
8.498141421418476948e-01 1.171503517357641855e-01 1.416880700687496789e-02 1.431871473606943113e+00
8.494308068859743877e-01 1.417309683216161909e-01 -1.844565046112663868e-03 1.434612502433733505e+00
8.988350591279008484e-01 1.369674305891432353e-01 4.623969770878405550e-02 1.551838814256857990e+00
8.780813668712471598e-01 1.052637402254658766e-01 -1.344066493517740157e-01 1.509393688026995584e+00
8.525643784475941400e-01 1.406962207104113793e-01 3.508505315646674033e-03 1.441780916550653435e+00
8.525697930625065757e-01 1.828504668103821118e-01 -1.440477732533138218e-02 1.450398717374662416e+00
8.426885269190080852e-01 1.130093135290256290e-01 -3.421152428777535920e-02 1.415534385213094160e+00
9.008716853941231006e-01 1.250773234021790581e-01 1.034550776899288288e-01 1.558682559600353290e+00
8.625550206374653639e-01 1.592525040945312054e-01 1.395890428326288304e-02 1.468737798470692413e+00
9.723782002104187638e-01 8.859574648165409461e-02 4.626434538158222948e-02 1.723536834427467745e+00
9.487010571770196909e-01 8.822532307371921956e-02 6.592194605227870430e-02 1.667499519653049544e+00
8.564543288622423756e-01 1.855920644291765287e-01 -8.209005585285238365e-04 1.459810343828474188e+00
8.586658961014516089e-01 1.634120865016989166e-01 8.497326197006603229e-03 1.460357087011361577e+00
8.404212135760560365e-01 9.529952244515989268e-02 1.392701744110167762e-02 1.407062296455932504e+00
9.162126876348000160e-01 1.122390528456843339e-01 9.110026998251712083e-02 1.593473217686159682e+00
7.385666943498158110e-01 1.260305499469230317e-01 -1.438581231607776179e-01 1.218919672280037503e+00
8.873891369907436211e-01 1.696187710773326141e-01 8.378977757137055782e-02 1.533415373726543018e+00
9.111170860813032624e-01 1.276579027670323996e-01 5.049530776381763730e-02 1.580136831715957646e+00
7.408892478542772331e-01 1.230551600329184841e-01 -1.311937451533326804e-01 1.221523803998458613e+00
9.396769831930100736e-01 8.926518783137797619e-02 2.625883778175454319e-02 1.644040015692481260e+00
8.398873597649761935e-01 8.563813106609037551e-02 2.171831649846553761e-02 1.404679927717717103e+00
7.384821519373495624e-01 1.168521095983977576e-01 -1.433837933824078092e-01 1.217236599691843946e+00
8.542750398484176833e-01 1.131937034493517985e-01 2.314305088377829889e-02 1.441946249715017281e+00
8.550960794458523084e-01 1.355824835823980223e-01 8.827387648881085055e-03 1.446992637655061031e+00
7.368722547236170595e-01 1.481886769559211670e-01 -2.272808792226367891e-01 1.236226632246513413e+00
8.396585512750410762e-01 8.726656351510522769e-02 1.856204793060527852e-02 1.404271528994187168e+00
7.495310408361767207e-01 1.157048959578077657e-01 -8.639273109382925031e-02 1.232169530566812998e+00
8.425635911766573560e-01 9.506272221169044523e-02 1.906452356725180444e-02 1.412157382672406092e+00
8.511123420565928077e-01 1.030814235344808261e-01 -5.275833831548994851e-02 1.434902871749964781e+00
8.586900985230565553e-01 1.048737356411467703e-01 3.398565420738164367e-02 1.451737550278031419e+00
8.359031195220449906e-01 9.544166628414468834e-02 -4.147875098897919020e-03 1.396288042045221278e+00
8.578111691787246862e-01 2.251077447467248194e-01 1.908255414704854158e-02 1.474683068583628076e+00
8.506846937424006327e-01 9.852280539185312436e-02 2.983137045181706581e-02 1.431939786180867369e+00
8.487358116718802803e-01 2.150205149418596140e-01 -1.399854887030574924e-01 1.464478928656144818e+00
8.608273711796554650e-01 1.241722895174343089e-01 -7.539123951855158934e-02 1.463328611862652728e+00
8.550704987758784847e-01 1.816384801102384483e-01 -1.988687983133386166e-03 1.455716123621094704e+00
8.523118872697218462e-01 1.829980042069885571e-01 -3.680538341246751555e-02 1.450366936535718798e+00
8.505592332654223764e-01 1.419082586871882046e-01 -2.487526840612361832e-04 1.436741975965798890e+00
8.668462888513092102e-01 1.778187173562336409e-01 -9.308717355410840721e-02 1.490042781148373185e+00
8.610191430411066049e-01 1.734920965203426424e-01 1.237231432238614613e-02 1.467998381650914119e+00
8.365478680965685587e-01 9.596258563721761503e-02 9.813228471898507912e-04 1.397908658612205590e+00
8.668924872342577137e-01 1.427616887122688250e-01 1.782940247438939349e-02 1.476045569427467674e+00
8.584391487026616918e-01 1.817142318055897654e-01 6.977542702187178834e-03 1.463613192695167209e+00
8.414673394335066003e-01 1.971331435477274852e-01 -1.817655601923714448e-01 1.452025327420044309e+00
8.461878989889366487e-01 1.474727721450786178e-01 -3.231030320437162234e-02 1.429140546519678034e+00
9.726185911537807982e-01 8.878106553263181988e-02 4.621752473107565429e-02 1.724114056464508549e+00
7.493546443049829975e-01 1.191678440869824301e-01 -8.774603878539544155e-02 1.232533205951559463e+00
8.617279676459196347e-01 2.058637654774245207e-01 1.933542193739486853e-02 1.478283578151840194e+00
8.451494477404718486e-01 9.462252413629676506e-02 2.440586929748626496e-02 1.418291760118898459e+00
8.360926418617838918e-01 8.511689327116588044e-02 1.375870393005721240e-02 1.395544275074192653e+00
8.799643048188826588e-01 1.204212890313346856e-01 2.782060810927410033e-02 1.503957176177964650e+00
8.725265902637455717e-01 1.392072807273618540e-01 2.188863582025328200e-02 1.488819073482058331e+00
8.583708818900792625e-01 2.083340153064307254e-01 -4.617373360116379388e-02 1.472106071489690082e+00
7.374283449564756898e-01 1.102945697908320338e-01 -1.425857906667181985e-01 1.213734010463500823e+00
8.552910529280945973e-01 2.175774775667710104e-01 -1.231681057348835845e-01 1.477202310656819728e+00
8.471123257927640759e-01 1.129189861159000663e-01 1.346458349525652375e-02 1.424992336326634135e+00
8.444213285237417432e-01 1.084640019882174150e-01 1.212724235722418241e-02 1.418121207310858223e+00
8.411335338097625236e-01 1.216332038045547514e-01 -1.312455354079955679e-02 1.412894066484541966e+00
8.346698177821814113e-01 8.715068996364719323e-02 4.076376697886977853e-03 1.392247776505385115e+00
8.627632300085585904e-01 2.171058977959610947e-01 4.634989365520418569e-02 1.484862473347106526e+00
8.784267998925964216e-01 1.106429404886259543e-01 -1.324637368240498825e-01 1.510618602647857411e+00
8.608000518487631814e-01 2.068454948240573688e-01 1.316295665646909953e-02 1.476386517287973543e+00
7.249807271545146703e-01 7.888123515510146733e-02 -2.402964575506857936e-01 1.199977945786569355e+00
8.388843492866354667e-01 2.313828729328399891e-01 -1.069047894242801805e-01 1.441076363139891514e+00
8.974616594412522241e-01 1.265826917912144522e-01 3.304388212071427550e-02 1.546432278506205682e+00
8.410992210569252503e-01 1.231190454047839944e-01 -2.374536235700836634e-02 1.413060689773180778e+00
8.377616994622224533e-01 9.640232654358783793e-02 5.963045756940782774e-03 1.400860329280182448e+00
8.487469521411868945e-01 1.045638231566225068e-01 2.259203579185531385e-02 1.427914201505736891e+00
8.406871188544444706e-01 2.427035283585852465e-01 -6.392311344970190434e-02 1.443596567750679460e+00
8.504052023838029051e-01 1.790824735857784178e-01 -2.336987915429971155e-02 1.444647583548101855e+00
8.603164221009828028e-01 1.807127613332298599e-01 1.154312759142483297e-02 1.467916331347215442e+00
8.494320601771362389e-01 8.990066143640555729e-02 3.567466782623630872e-02 1.428200175542744921e+00
8.485234148537891263e-01 1.185829357650864530e-01 1.088457702544395542e-02 1.429015109921522253e+00
8.466682171428647763e-01 1.215991840859568796e-01 4.563895223667584558e-03 1.425131931937033469e+00
7.517646456248554543e-01 1.171676342435431784e-01 -7.736607272456144657e-02 1.235966433285375476e+00
7.528200821194112047e-01 1.187789277482147465e-01 -7.788197836786669992e-02 1.238664119336067460e+00
8.101581478479504828e-01 1.680435000935871226e-01 -2.552948900130643239e-01 1.394107418399414655e+00
9.779878357740390271e-01 8.833097874198884980e-02 5.033484628168272829e-02 1.737275819309066494e+00
8.394701250563636474e-01 9.661178085757393674e-02 1.085638226090295498e-02 1.404961096407505883e+00
8.564636584237668160e-01 1.682289055251160181e-01 -5.595363255235571986e-02 1.458845833449294416e+00
7.891233512816450135e-01 1.717830369125137591e-01 -2.644987682093621340e-01 1.351980015162724591e+00
8.521003755691560766e-01 1.589716671682381843e-01 -4.807514876016669159e-02 1.446099051866648777e+00
9.308219063498287538e-01 1.018256163711809964e-01 2.859293510820202014e-02 1.623754789262869647e+00
8.436744624271064197e-01 9.620930753047682304e-02 2.096417681828419838e-02 1.414957125807437599e+00
8.643916909576179197e-01 1.345462936416307043e-01 1.704518620239823742e-02 1.468814957971062984e+00
8.567788339416473331e-01 1.332168700927715554e-01 1.142133009681004820e-02 1.450602677543164631e+00
8.465607396485851366e-01 9.568806441918943639e-02 2.612917035934835333e-02 1.421790244305220607e+00
8.603836612247609539e-01 1.597020816325755432e-01 1.087772982106936792e-02 1.463677294955293640e+00
8.085704761600339685e-01 1.616532563318662796e-01 -2.638094824315889708e-01 1.392149819076270445e+00
9.147566912945694906e-01 1.065092571231755769e-01 1.021277381947048174e-01 1.590382804554875129e+00
8.555327550214106846e-01 2.342397769726139722e-01 -3.708299673367627947e-02 1.472418768971874625e+00
8.535941795775635610e-01 1.719461724738017006e-01 -4.539227132184882330e-02 1.451393851553067993e+00
8.433353395980657252e-01 9.791020201790105737e-02 -3.487120048294151814e-02 1.414673528658791257e+00
8.524916603696789386e-01 1.210119880571487172e-01 1.432408412553900015e-02 1.438682924568216004e+00
8.621636277839632712e-01 1.766619727022595288e-01 1.426701303085589102e-02 1.471403436506601770e+00
8.371209769875326279e-01 9.011994255500815898e-02 -1.282295157079979715e-02 1.397999492023329404e+00
8.171675485136404848e-01 1.907573512953823769e-01 -2.158925022373970604e-01 1.404136562855108128e+00
7.554524800008363128e-01 1.175409555997294214e-01 -6.855183848745219355e-02 1.242982090518311988e+00
8.413070904788091386e-01 9.650317794683969941e-02 1.568773708186865096e-02 1.409340848604435426e+00
9.731008633764016702e-01 9.027494485771078714e-02 4.592566324947245510e-02 1.725526746087405972e+00
8.565537762983217451e-01 2.110300386228809166e-01 -2.158546175776116655e-02 1.467262517553382439e+00
9.697577343832305408e-01 9.094085426635631353e-02 4.532579657122739331e-02 1.717638544312334536e+00
8.893422297642197272e-01 1.440459740132541411e-01 3.943136606317326071e-02 1.530100146818298423e+00
7.549693508542866249e-01 1.170920149196820609e-01 -6.772968739369586433e-02 1.241758951859854410e+00
7.360491850833715821e-01 1.278263625017052041e-01 -1.707638120293653305e-01 1.218117051421985675e+00
8.532578614066771427e-01 2.360491195238844653e-01 2.764091738444540095e-03 1.466997456027867131e+00
8.472414763912657909e-01 9.865868822494069934e-02 2.498143245197234283e-02 1.423724813406226808e+00
8.365448209569633642e-01 9.813791948584835168e-02 -5.848398952135931174e-03 1.398195936681345453e+00
8.468671865483223815e-01 1.455344010665543808e-01 -1.066349226520499176e-02 1.429508480129028314e+00
8.405663838543228072e-01 2.370980891412761971e-01 -8.525383296458775850e-02 1.443788452527322352e+00
8.549673332184364316e-01 1.882433290710486262e-01 -4.276080318886145426e-02 1.458545744988886561e+00
8.582904360053345005e-01 2.070313045971379773e-01 6.968731115665840765e-04 1.470453824641116070e+00
7.543509140521010847e-01 1.181151049179901685e-01 -6.730008342246424080e-02 1.240771687404949031e+00
7.444760574305154810e-01 1.495389860444897301e-01 -2.853517927204022864e-01 1.258477566550304738e+00
9.821589973296956932e-01 8.684041275907450341e-02 5.978638243243421940e-02 1.747813081432673554e+00
9.834680615034249174e-01 8.729520708273043328e-02 6.023347188329689073e-02 1.751069122050616933e+00
8.708285879778492333e-01 1.562802531549317697e-01 2.361137886872707523e-02 1.487918751898173575e+00
8.490761088074765262e-01 1.000465526310243131e-01 2.669458468344516541e-02 1.428242918949098383e+00
9.122204487404312889e-01 1.270516394360278467e-01 5.361368318072481931e-02 1.582862598926561226e+00
8.553807250159157771e-01 1.184680677158752721e-01 1.983312413701434837e-02 1.445208335890108664e+00
8.541050648236653275e-01 1.296058961010474186e-01 -6.002309491258855934e-02 1.446724690073151409e+00
8.520259340024654016e-01 1.059482885400299529e-01 -5.534345488257015611e-02 1.437726824075303833e+00
8.836253849196905596e-01 1.675074470199104937e-01 5.491455377414676542e-02 1.522359086542558471e+00
8.644261680415932236e-01 1.554689888884870086e-01 1.593394347569910760e-02 1.472453946899443977e+00
8.516674319511089442e-01 1.184264071061736506e-01 1.565930830097547050e-02 1.436402419908742401e+00
9.189956371674996571e-01 1.152270612313189418e-01 3.649998915440218900e-02 1.596822607800856941e+00
8.615648188062190460e-01 2.147332313133537285e-01 -7.726784706928305213e-02 1.484543475389531020e+00
7.837480953741117196e-01 1.781333097276928956e-01 -2.458420048411013026e-01 1.335756642786123161e+00
8.362121406380113031e-01 8.827000398986768748e-02 -8.744874448937766873e-03 1.395649346529256318e+00
8.631648084938982057e-01 1.121735239902575954e-01 -8.018197209713973095e-02 1.468233734744699648e+00
9.806652542349846291e-01 8.759420360985015197e-02 5.461041250934868529e-02 1.743874514079444715e+00
8.949111794328289404e-01 1.495591728933612086e-01 6.084940255514571100e-02 1.545578481229872292e+00
8.597008689811305171e-01 1.369116752794443115e-01 1.294867015517442432e-02 1.458091047592779743e+00
8.563394952504654878e-01 1.507290984036504522e-01 -6.208528956620831124e-02 1.456063922194268390e+00
8.422028623894612931e-01 2.475180188205227116e-01 -2.033295922626579544e-02 1.445923554644247488e+00
8.500401938183064221e-01 1.030634434055744814e-01 2.544042413809788350e-02 1.430834890743577281e+00
8.709012508477264047e-01 1.594109577845522208e-01 -1.177832150758576085e-01 1.499329372481525313e+00
8.418607222428314829e-01 2.113077109213330196e-01 -1.566173030306350356e-01 1.450973447821641171e+00
7.343180345957033284e-01 1.450035002512007898e-01 -2.183466592167689069e-01 1.227449157670210900e+00
8.645005160535537136e-01 1.941395096551357946e-01 -8.433689037170215286e-02 1.487075442717851192e+00
9.749590064886038965e-01 8.864875984642447970e-02 4.737393590534456217e-02 1.729786491095473000e+00
8.502961124440489016e-01 1.622662123245806887e-01 -3.932879044211656794e-02 1.441630424235557095e+00
8.564294960347914598e-01 1.292773555993291523e-01 -6.559125801257420507e-02 1.452691689533823993e+00
8.420055194419160394e-01 2.463923445395428680e-01 -4.140696127747875432e-02 1.446109897503097041e+00
8.761228359838029167e-01 1.272804065466078272e-01 -1.226712169492953919e-01 1.506276441337237149e+00
8.242340528308192971e-01 1.541644147358788020e-01 -2.523245339854603975e-01 1.421955329447081917e+00
8.417754217703411479e-01 1.097319750930988574e-01 -3.244011809592924067e-02 1.412808603181265887e+00
8.821979558731123383e-01 1.725866725655746947e-01 5.546693870418337863e-02 1.519751614620765245e+00
8.438012072810423536e-01 9.907502227517506199e-02 1.882132023094279169e-02 1.415591781386964954e+00
8.475458095478753950e-01 1.566309019653228385e-01 -3.441984113780556520e-02 1.434020348043617998e+00
8.409615149972474724e-01 1.218831000621427574e-01 -1.970674940311837459e-02 1.412490583519260490e+00
8.415504237293740530e-01 1.102856049369493191e-01 3.821830103484409429e-03 1.411627697827855688e+00
9.030197761573347526e-01 1.216745978950320300e-01 1.042507683108189476e-01 1.563586206446586635e+00
8.712919719867335822e-01 1.443569610756767485e-01 -1.088074577822842892e-01 1.495955892165033996e+00
8.400926763889070559e-01 9.942832718421321103e-02 9.669344422168204764e-03 1.406785795460838262e+00
7.170537071971747611e-01 6.535930339893772367e-02 -2.229853667188204380e-01 1.178721503580676622e+00
8.715826305056171286e-01 1.249959211976583440e-01 2.329597022836145045e-02 1.484505656349010660e+00
9.327314708219494044e-01 1.061598723827188312e-01 7.231376664886447758e-02 1.631153961461066393e+00
8.351527922671756476e-01 8.640244365582347430e-02 6.664820305514585971e-03 1.393355806025333710e+00
8.468249169214900895e-01 1.032381629613825236e-01 2.083952407374703789e-02 1.423218241467054224e+00
8.695965218548024067e-01 1.628648412435843018e-01 2.397506007275741063e-02 1.486301890871435827e+00
8.635069427084275384e-01 2.011065157523749813e-01 2.225020755495123181e-02 1.481172273765802183e+00
8.487816747220531255e-01 9.068556808002029013e-02 -4.258251630818533917e-02 1.427009825029230683e+00
8.533131199958357005e-01 2.401180354088886804e-01 -3.957963456120267010e-02 1.469512960098620979e+00
7.401855321988347614e-01 1.285015785210233963e-01 -1.314217455496677067e-01 1.220842761610240856e+00
8.687097572063556816e-01 1.561114000569664428e-01 -9.874253578655763086e-02 1.490785663502748104e+00
8.365215125978766597e-01 9.916887574000247951e-02 -9.532492120354913584e-03 1.398318929844024838e+00
7.365294626851865978e-01 1.292447887221941927e-01 -1.572687119956169000e-01 1.217093100137275119e+00
8.573909565173952751e-01 1.334317847952402325e-01 -6.728316792607384744e-02 1.455804902364869147e+00
9.534343566821551486e-01 8.744087500092675991e-02 4.231918435769375930e-02 1.677380233574047752e+00
8.674570844086991750e-01 1.619351451324017033e-01 -9.367818129844043828e-02 1.488325509110265177e+00
7.321181725399209528e-01 1.088166146944277157e-01 -2.012711925598976437e-01 1.212095034282973494e+00
8.477284031083331950e-01 1.431324561622793201e-01 -7.260162863198158477e-03 1.431053549032587080e+00
8.368605978551549862e-01 9.991396911379404888e-02 -4.004850029809194946e-03 1.399194307574297413e+00
7.319862397409908628e-01 1.184996227355155918e-01 -2.325132946780756604e-01 1.219094988985239381e+00
7.298030375938761027e-01 9.163156650162089523e-02 -1.776587752041765000e-01 1.200785084359620614e+00
8.643658756487357930e-01 1.753278198339391358e-01 1.844188238991655016e-02 1.476396175059843108e+00
8.679209509269465439e-01 1.184023942598482620e-01 2.851380399526546802e-02 1.475158573477157731e+00
8.840930797039359135e-01 1.224864730405853253e-01 2.731966521405618589e-02 1.513963370870465841e+00
7.329464288236983149e-01 1.341375248595629011e-01 -1.977442285838201252e-01 1.217090356070408275e+00
8.630479277027267582e-01 2.143023243112716358e-01 5.916906398604676598e-02 1.485904569589768354e+00
8.761658468784916387e-01 1.163316326523099048e-01 3.173603281810186832e-02 1.494707656623000203e+00
8.649844011835503554e-01 1.993043991544417304e-01 2.773754709381869021e-02 1.484190684400936933e+00
8.371706863568456614e-01 9.876082020530739525e-02 -5.121434481178206884e-04 1.399755535918034477e+00
8.561376407105819597e-01 2.303992603762865798e-01 -1.437140214018721744e-03 1.471024861565419117e+00
8.412625801545610127e-01 1.234807444796971465e-01 -1.724197418352835590e-02 1.413463718794688351e+00
9.563461078084014577e-01 9.634474733954567771e-02 5.067607438495812938e-02 1.685658296357947616e+00
8.776730880050193084e-01 1.193606501831136341e-01 3.558033528327868289e-02 1.499798286497670885e+00
7.338558978213129969e-01 1.409297810447184829e-01 -2.081932118100784379e-01 1.222916597076303846e+00
8.625546322947863498e-01 1.571296869882308211e-01 -7.737418560973433057e-02 1.474339345340494711e+00
8.351943175626763693e-01 9.122264475110905546e-02 -8.086765205221524335e-04 1.393958284514031920e+00
8.655899998413262297e-01 1.488411020603297996e-01 1.670491388494333221e-02 1.474004473846762142e+00
8.634418063855390235e-01 1.523290927181162602e-01 1.466336783524027979e-02 1.469527712061021507e+00
9.748791998406114434e-01 8.853677327785590412e-02 4.749289635775487406e-02 1.729660697861000518e+00
8.481018025442317310e-01 1.228411325506324481e-01 6.275811020466673558e-03 1.428624442837243214e+00
9.752783844856688367e-01 9.014874657396716728e-02 4.746944504290914746e-02 1.730866385202877833e+00
8.399179033765179492e-01 9.160953915891788257e-02 -2.315377640874900084e-02 1.404770993893067477e+00
8.459205746608658982e-01 1.002508612168587082e-01 2.188137606731350993e-02 1.420752256116203149e+00
8.748019924194578856e-01 1.761853814446926736e-01 3.784180507189559978e-02 1.501982320961123829e+00
8.443934324950848058e-01 9.199952009369501138e-02 2.530395364559221219e-02 1.416202773527153846e+00
8.530138787210311824e-01 1.256944644013764933e-01 -5.836398047141064943e-02 1.443388170416565863e+00
8.622012580352865774e-01 1.371662441376089725e-01 1.487293325955840392e-02 1.464038369824610442e+00
8.421754555214292504e-01 9.969376764852326545e-02 -3.288976691881750208e-02 1.412161271067666091e+00
8.566581194902975760e-01 1.420550830063548042e-01 -6.479186830421970744e-02 1.455361525861288863e+00
8.445311581756287378e-01 1.416662075761517814e-01 -2.681541956041275793e-02 1.424015635092990673e+00
8.604797298370102654e-01 1.536342881382410652e-01 -6.968602081202085463e-02 1.467735507014219287e+00
8.510147609365543708e-01 1.224820719991826928e-01 1.115213723189229823e-02 1.435393266155258418e+00
8.529118839311456979e-01 9.586156582883320620e-02 -5.423977720438455385e-02 1.438262918237284582e+00
9.804657765474444897e-01 8.771673409708323488e-02 5.434098330156216655e-02 1.743408686341284763e+00
7.362712627443528390e-01 1.423307440788374456e-01 -2.924207735507249328e-01 1.242626099688576291e+00
8.661527332553550229e-01 1.914803353470850289e-01 2.631677001838784655e-02 1.484829437144554065e+00
8.589505437941705734e-01 1.339054190771323538e-01 1.315434178457445050e-02 1.455848474479936261e+00
9.613551743908919089e-01 8.871278057014474194e-02 4.555223801491835312e-02 1.696724413909342921e+00
8.397568225580227530e-01 9.019699069273187653e-02 -2.445037250851780572e-02 1.404461035360887289e+00
8.508639811175698897e-01 1.256786763530655937e-01 -5.305633114994742772e-02 1.437870516704330193e+00
8.887051094685781694e-01 1.619883414027533108e-01 6.282423087872406053e-02 1.533636793279754551e+00
9.764062602466622165e-01 8.874242767706347346e-02 4.921427150886895086e-02 1.733468990196499471e+00
8.713040985192458399e-01 1.568054850537788369e-01 -1.439336115159342844e-01 1.504074633849782350e+00
9.617878393550511884e-01 8.838358022502779132e-02 5.253541971822744266e-02 1.698302457027900836e+00
8.458254109898828421e-01 8.697285907687248019e-02 3.548619651512654322e-02 1.419329853910866968e+00
8.478734052470312532e-01 9.329512946854974509e-02 -4.376576185350020132e-02 1.425257249141425930e+00
8.894907144549456524e-01 1.627163608119866489e-01 7.098068339663067550e-02 1.536118046748273569e+00
8.489119905904010110e-01 1.612101302825721949e-01 -3.516429350742146520e-02 1.438009624615583792e+00
8.493466803846290158e-01 1.212246815730831651e-01 9.615953297035179440e-03 1.431303506914664903e+00
9.776801358749118709e-01 8.945564934690758419e-02 5.000016517728281956e-02 1.736720670200701644e+00
9.630327601752389777e-01 9.084657704470093520e-02 4.561687406115193938e-02 1.700982369379852033e+00
7.425327357007989182e-01 1.264582533395722519e-01 -1.190506295031614065e-01 1.223779991957471225e+00
9.567723994574890423e-01 8.153323410057594645e-02 5.061493028971111863e-02 1.685559132790568126e+00
9.102964124849091121e-01 1.126738893065320490e-01 1.019181542158149878e-01 1.580222735126539657e+00
8.492057729143308586e-01 9.841911985413472064e-02 -4.741849398453993475e-02 1.429282126655000873e+00
7.628244674970500183e-01 1.219297884461958414e-01 -5.591186071075456010e-02 1.258315783444697633e+00
8.417401255218884826e-01 1.549391222173077121e-01 -2.268972156862290868e-01 1.454394082806617972e+00
7.617434090689590986e-01 1.182126985773056110e-01 -5.411552758465320440e-02 1.255441331406854655e+00
8.628632654486801945e-01 1.198204323025874735e-01 -7.958010074385141186e-02 1.468035176313751800e+00
8.700441233488400705e-01 1.550230874873700926e-01 -1.065166065430453862e-01 1.494788391158146768e+00
9.723544946334201633e-01 9.077856848061580108e-02 4.626147033384656049e-02 1.723948427198270350e+00
7.343797519366950244e-01 1.366542095405646751e-01 -1.968002695766332411e-01 1.220637672950780628e+00
8.571365584309798002e-01 2.098476065135291002e-01 -9.778866464057563851e-03 1.468319237866643201e+00
8.468782691401354201e-01 1.485238798168446173e-01 -3.675502249848718733e-02 1.431206012479737888e+00
9.884591121013132087e-01 8.805285479322853825e-02 8.692502532830778672e-02 1.765172423890712272e+00
8.542564021139968933e-01 2.362879149922648692e-01 -4.295427135984340727e-02 1.470535263792612790e+00
8.544640081988560398e-01 1.221775761847305186e-01 1.550950035767077739e-02 1.443502690913353703e+00
9.895079125824108868e-01 8.519653548965863687e-02 8.548346375616459880e-02 1.767271961928070123e+00
9.070766496830394710e-01 1.170903992045377179e-01 1.037294172760021838e-01 1.573009382340395002e+00
8.523458116826156949e-01 1.797367277475855618e-01 -4.064144526672212182e-02 1.449841345910781953e+00
8.659131460511241274e-01 1.399722180351442302e-01 1.720260373006762128e-02 1.473257537204632595e+00
9.530423161523472464e-01 9.097127038229399498e-02 4.352259839741563080e-02 1.676657000704182776e+00
9.204800437101352539e-01 1.182672255458597083e-01 4.466940309580583884e-02 1.601075502085170799e+00
7.183366420141209518e-01 8.800063883766162665e-02 -2.557566223779343395e-01 1.188700313631306349e+00
8.642777095604898818e-01 2.087883827720001806e-01 7.138445088758457735e-02 1.488555353968363804e+00
7.210002340672162502e-01 8.275603104047749015e-02 -2.462447466856301503e-01 1.192516400153101674e+00
8.578047525864929135e-01 2.065177477395772898e-01 -5.502346920178833277e-03 1.469042901846594251e+00
9.639294290345552518e-01 8.863174221632813543e-02 4.575051816108617608e-02 1.702973473305577690e+00
8.451277427173432555e-01 9.474554844358541728e-02 -3.832930523566609876e-02 1.418619743705625602e+00
8.570934317942494607e-01 2.085561082262842036e-01 -1.629939317085095027e-02 1.467836550964588760e+00
8.453672170107738859e-01 8.705652184075531042e-02 3.312723932842248642e-02 1.418138004738723756e+00
8.483836381373337510e-01 8.863906637740896766e-02 3.528946002731801063e-02 1.425539816763490064e+00
8.383744867701756753e-01 9.923460878116492634e-02 4.642244724751149951e-03 1.402673450617627271e+00
8.661691828680101457e-01 1.710888699846038752e-01 2.062026196223980951e-02 1.479789640348424085e+00
7.392873928992147459e-01 1.290224783826205146e-01 -1.415050649837062691e-01 1.220362533735576349e+00
8.579950578602755229e-01 2.074448838023225106e-01 -3.986247692238736179e-02 1.470567435757041075e+00
8.861919913837545959e-01 1.467582233246562395e-01 3.782526692580589350e-02 1.523040113199111367e+00
8.704808067221041501e-01 1.638037189465303134e-01 -1.299777113480574675e-01 1.501156367290728211e+00
8.691249494882720139e-01 2.032148359260144144e-01 6.358706608116136694e-02 1.496935246241387851e+00
8.481284347325571682e-01 9.637793600509154957e-02 -4.481420810754700723e-02 1.426294113592592616e+00
7.333890983711137679e-01 1.288327703582097528e-01 -1.844681302675592327e-01 1.214776854298303954e+00
8.571583445993653516e-01 2.222779492055428074e-01 -1.023502156190744528e-01 1.479544883819623458e+00
8.375860374073931247e-01 9.067732160403464692e-02 -1.622747496443826751e-02 1.399170693029675006e+00
8.486507000935388234e-01 1.445437878084225025e-01 -4.730541220377483189e-03 1.433378159928234252e+00
8.633001636100859910e-01 2.048127753224487091e-01 -8.105785704016886528e-02 1.486481678300370701e+00
9.797959104491371640e-01 8.765730785133465930e-02 5.359622085102999645e-02 1.741822287976126704e+00
8.768639608904258420e-01 1.822846627992993629e-01 5.042088043921722634e-02 1.508800608635107343e+00
7.181522964017494903e-01 1.035239826580576367e-01 -2.784473825392838608e-01 1.196009693186640188e+00
8.603619143065369679e-01 2.193754612372451340e-01 -8.901590621398286496e-02 1.484435745995614342e+00
8.510804457115578314e-01 1.753824416441947809e-01 -3.863636258006503815e-02 1.445818246010432517e+00
8.480766689825048887e-01 1.530042520388244232e-01 -3.781713014968720449e-02 1.434849218164371054e+00
8.689922619981818031e-01 1.918173659886669991e-01 3.495150068446727099e-02 1.491829711670727532e+00
8.571127828942487481e-01 2.105532452945153843e-01 -3.371730580928111731e-02 1.468902559216374915e+00
8.597451071794889321e-01 8.891296784413352250e-02 4.974225700849126131e-02 1.453485538142406996e+00
8.617029985497779432e-01 1.177472156346203308e-01 2.630555452493947219e-02 1.460228107221460903e+00
9.413898472203601209e-01 1.018422881882980469e-01 4.398197859527538250e-02 1.649576386231378811e+00
8.669602240381087954e-01 1.942783803788911967e-01 2.988912541258096495e-02 1.487538427131264163e+00
8.646388006574071694e-01 1.458736648090765975e-01 1.580687131827912539e-02 1.471226563329931736e+00
8.645111770723361566e-01 1.318190266338044037e-01 -8.560256920825708160e-02 1.474407419115526974e+00
9.404339844984868080e-01 6.953926026456043463e-02 8.459537356445809286e-02 1.647851146235304265e+00
8.717608259189425501e-01 1.577648083185731742e-01 -1.350955625291024587e-01 1.503768660336134211e+00
8.392459337601174685e-01 1.008550384191429783e-01 6.477301688831181743e-03 1.404957192623713436e+00
8.611843834125275654e-01 1.314464452890593826e-01 1.567170424849503862e-02 1.460766119200468616e+00
8.432884784363838815e-01 1.015645115832204542e-01 8.534756368534469548e-03 1.414534691491713625e+00
8.565475218675620006e-01 1.941885206706172595e-01 -5.299829833510770472e-02 1.464952398836478764e+00
8.613575544026560449e-01 1.990265580230979048e-01 1.328659894776118219e-02 1.475528482463267954e+00
8.583803768462703321e-01 1.220249385256099023e-01 1.917728292280426045e-02 1.452787519384987514e+00
9.773217702216658864e-01 8.808246296721017332e-02 4.999308558215621173e-02 1.735635377844021443e+00
8.414036055613257625e-01 9.939391460793944866e-02 1.335582063660972763e-02 1.409919466800594545e+00
8.450205016462248864e-01 9.822386936657608036e-02 -3.887970868439008520e-02 1.418855029706676651e+00
8.699277429705354336e-01 1.422628794270393016e-01 2.006373533448424160e-02 1.483160278153452971e+00
8.571087335821855335e-01 2.087668381992984212e-01 -2.798849290452624233e-02 1.468181425263983986e+00
8.411415442480483229e-01 1.008099747874794394e-01 1.151116376526618683e-02 1.409456680029305131e+00
8.793146631653840917e-01 1.353861092323064563e-01 2.579957321469300222e-02 1.504351866663949933e+00
7.988021284316295656e-01 1.654336376941846765e-01 -2.698735158333654405e-01 1.373150258835670101e+00
8.459982527924372331e-01 1.005689540735386911e-01 -4.115560833873999763e-02 1.421601804399051039e+00
7.471363093753884410e-01 1.263603493235566089e-01 -9.627015464256702404e-02 1.230453145996847297e+00
8.733244132406697835e-01 1.118675696308691764e-01 -1.092262850033568072e-01 1.495183750268755052e+00
8.377724413538734094e-01 1.005084796212538795e-01 1.313276657611404724e-03 1.401419616073536822e+00
8.431222713932554624e-01 9.111382726652877961e-02 2.329816731776845895e-02 1.413044105043526288e+00
8.497329742273247444e-01 1.218195943747371474e-01 -5.137360256304211031e-02 1.434479907104603269e+00
9.436209649687851142e-01 1.018060583235369521e-01 6.197409899854450926e-02 1.656132673096600172e+00
7.333329796194221206e-01 1.077194199555741583e-01 -1.549285316561641868e-01 1.206563363587328075e+00
8.620836178047845966e-01 1.461166856577060247e-01 1.346908058843558284e-02 1.465218737279153416e+00
9.754195518760712114e-01 8.997716346981142477e-02 4.731844300484207982e-02 1.731142919086459786e+00
7.512961802248887544e-01 1.254409906893049487e-01 -7.787205158891243040e-02 1.236891492557965488e+00
8.514572029799032382e-01 2.411101405156946820e-01 -4.685718696511319281e-02 1.466025078820703431e+00
8.419344456793507181e-01 1.044236761030183508e-01 -3.278566549731547902e-02 1.412343899848333306e+00
7.572061697585698026e-01 1.253666377152430345e-01 -6.405771643715583996e-02 1.248112705601493344e+00
7.431087682645500792e-01 1.277050788583828367e-01 -1.192095772481021471e-01 1.225293639079148678e+00
8.437955656657813996e-01 1.374795983796011090e-01 -2.503957993378748415e-02 1.421560327275992908e+00
8.504540180508358693e-01 1.128261821087841038e-01 1.875015323093551234e-02 1.432871478471318794e+00
8.843597662078392929e-01 1.594395381338731543e-01 4.634842264890354918e-02 1.521538389812425063e+00
8.561336942746108347e-01 1.208396646420724502e-01 1.837705890673728415e-02 1.447294902472422873e+00
8.605265658089025216e-01 1.209567585000070611e-01 2.191199673084339231e-02 1.457768548393352903e+00
8.677074319186666163e-01 2.059810343529925036e-01 5.166196559500177421e-02 1.493394072736274891e+00
8.458465650386486345e-01 2.457434118291041414e-01 1.140615020180159832e-02 1.453285751879986432e+00
7.410774684158122350e-01 1.289737908343011052e-01 -1.311836751202205276e-01 1.222806247309364380e+00
8.636165076069244328e-01 1.318017362456951058e-01 1.716620813379788474e-02 1.466572934866763323e+00
7.457400138919330068e-01 1.258330864767505941e-01 -1.079272181735147773e-01 1.229052116127379524e+00
9.836629762160692403e-01 8.834875027878365261e-02 6.190010620041086487e-02 1.751809287370950541e+00
9.759237082539170549e-01 8.878200806866587413e-02 4.787102702970704587e-02 1.732157505179024781e+00
9.224416490415282555e-01 1.011357276179934983e-01 9.241979026429127109e-02 1.607518623224551968e+00
8.500844014214173905e-01 2.409258563253544039e-01 -6.450769288670935020e-02 1.464339007797309522e+00
7.350951144121531389e-01 1.324319666321556455e-01 -1.844309269212308366e-01 1.219097432743581733e+00
9.002877823859282147e-01 1.196601467267750657e-01 2.866749827823425120e-02 1.552336731116616964e+00
9.689264727666393462e-01 8.965338918721449391e-02 4.485526699656677135e-02 1.715127471486709965e+00
8.638769170270327313e-01 2.134723613960070043e-01 5.402210117710436882e-02 1.486958483311106693e+00
8.584154626153388534e-01 1.500686352001973645e-01 -6.791463576015438486e-02 1.461629896247706561e+00
8.854168344199573326e-01 1.690627670883672051e-01 9.010626150960940328e-02 1.528827773980153903e+00
8.626846543896630193e-01 1.364296956073920708e-01 -8.137193851786780896e-02 1.470421275978262887e+00
8.565277501949236649e-01 1.847021470407297361e-01 -4.746316650608481402e-02 1.461666476183111296e+00
8.614908323848355920e-01 1.513846130502124465e-01 -7.535143213654491023e-02 1.470797550334224546e+00
9.774630290535806232e-01 8.951024332743373613e-02 4.996798761481679313e-02 1.736169854120356959e+00
8.514735584653193579e-01 9.812515103007241057e-02 -5.212567001501148406e-02 1.434991404597781406e+00
8.646987832364870785e-01 1.994657039053833736e-01 -8.691850918323118513e-02 1.489180395339437801e+00
9.516038286289173476e-01 7.355590493474227498e-02 6.374297547294417721e-02 1.673494623379825574e+00
7.258296191366728767e-01 1.146144298857158655e-01 -2.727374667086726601e-01 1.213535132688737139e+00
8.685581039331566888e-01 1.693873646761104579e-01 2.432046216181320275e-02 1.485195446568005062e+00
8.488205480081918441e-01 1.143006318099268059e-01 1.542705638952878745e-02 1.429183775455798999e+00
7.225455488006053972e-01 7.449014312531279658e-02 -1.924374707307239252e-01 1.185900166531908440e+00
8.525431670363123882e-01 2.147035354487270842e-01 -1.336586636378296056e-01 1.471948762130246724e+00
7.419692896481789868e-01 1.280356640100586973e-01 -1.185405087066987023e-01 1.222592347684489100e+00
9.679953239897094441e-01 9.084528713310155434e-02 4.557008843029945744e-02 1.713152234894581127e+00
9.558000472858849683e-01 9.008037806371080314e-02 4.462364326628206340e-02 1.683312808303994768e+00
8.580823211508640247e-01 2.289178956154671041e-01 -7.500366187436594001e-02 1.479852559616980034e+00
8.525261241946336943e-01 1.143668379083159631e-01 2.015650987821451107e-02 1.437944963583632996e+00
8.525638960105522690e-01 1.004269289192012693e-01 -5.493612825934955646e-02 1.438143800438365538e+00
8.599028163756979870e-01 9.879346787420781317e-02 -7.140577884428842004e-02 1.457039140079008810e+00
8.068057818892395705e-01 1.655077471691235591e-01 -2.624776783985757755e-01 1.388545397347859200e+00
8.439312539243868372e-01 1.711981211004867665e-01 -2.089447141248905460e-01 1.458058442204816840e+00
8.656276042264795523e-01 2.021121495968746518e-01 3.156424882133328225e-02 1.486514657856482513e+00
8.428170854686897195e-01 1.073578482567640741e-01 -3.474365188450611458e-02 1.414955670199130155e+00
7.339051362465086603e-01 1.009274008954484936e-01 -1.609473368558839990e-01 1.207849446322525777e+00
8.734406599774404700e-01 1.836448779353004879e-01 4.103782320613720558e-02 1.500578617957094796e+00
9.428520439112396678e-01 6.439652670198044160e-02 8.197910651424082651e-02 1.653250878498462528e+00
7.382042925688916402e-01 1.297418544149008535e-01 -1.429295974017507909e-01 1.218398512537709921e+00
8.632657923398783240e-01 2.098938911361016568e-01 -8.354897561913068871e-02 1.488045498808438394e+00
8.885277668169410115e-01 1.377495606959549534e-01 3.370421251301251170e-02 1.526948933664747710e+00
8.559034203808606467e-01 1.930282140494340992e-01 -4.238828520644326997e-02 1.462000123322837686e+00
8.701355841932443269e-01 1.602936728000703137e-01 -1.093971510576800948e-01 1.496453773318983327e+00
8.605822160649656549e-01 9.411961318810459221e-02 -7.070661611591200213e-02 1.457866259234175788e+00
8.778431175984353629e-01 1.838720207217394709e-01 8.724983927840182507e-02 1.514349041197810442e+00
8.461803115028488920e-01 9.643037752540088714e-02 -4.065700764285377911e-02 1.421439441288054217e+00
7.393871188500028557e-01 1.281836391061283442e-01 -1.442244076090434812e-01 1.221117612023654875e+00
7.322328875279124905e-01 1.041193679193767319e-01 -1.844115177419387297e-01 1.208721762506965725e+00
8.479105865993071811e-01 8.745503496989759373e-02 3.702366008217482934e-02 1.424367312949021525e+00
7.190965773800935823e-01 1.113226808592473471e-01 -2.867987085425368066e-01 1.201239505852749412e+00
8.430822809715703414e-01 1.022941127486114848e-01 -3.492877074678387567e-02 1.414758437098199817e+00
8.600608919000429786e-01 1.682086446148479686e-01 -1.779031947854763651e-01 1.487178397534224761e+00
8.750043270601269851e-01 1.922084301077700286e-01 7.086285943629619388e-02 1.508222814300574255e+00
8.545861354104110630e-01 1.803316511169706371e-01 -4.683528275066347474e-02 1.455840171792657234e+00
7.377592589926746935e-01 1.308151690007551826e-01 -1.568789327691157143e-01 1.219953650798680789e+00
9.592896470883794935e-01 9.482931802725996784e-02 5.025842553933120710e-02 1.692695960601259708e+00
8.558361956366343781e-01 1.026507734934986871e-01 -6.305064006331098647e-02 1.447025674624659253e+00
8.808267888472161022e-01 1.815656558591897396e-01 7.576099658961875372e-02 1.519665797629806692e+00
8.479036048507082590e-01 1.006779721833298419e-01 -4.549869220782389728e-02 1.426382750411842926e+00
8.728892606169581514e-01 1.388424679742751577e-01 -1.138011090954653137e-01 1.499369071805087605e+00
9.657555931685327666e-01 9.065097580674098821e-02 4.532892603816879307e-02 1.707594343752770305e+00
8.359474300279151615e-01 8.850018113204652370e-02 7.801491921443045804e-03 1.395532841337948859e+00
8.696265258135651433e-01 1.618861611159353731e-01 -1.483004544873216812e-01 1.501991871554967162e+00
9.505037637895163982e-01 9.792730306707328469e-02 5.913829271459038195e-02 1.672219234649225283e+00
7.350097859519924004e-01 1.324084479965833283e-01 -1.696981652239927807e-01 1.216302577184119160e+00
8.664154429896385734e-01 8.742597006158035755e-02 -8.141531201470819656e-02 1.471995883717059916e+00
8.711350021767618745e-01 1.866356324425435809e-01 3.628106450310133319e-02 1.495648490406426667e+00
9.222536913629397759e-01 1.186008265383224625e-01 6.516744245758793186e-02 1.606659022149425686e+00
8.702585929757810090e-01 1.088056000975509835e-01 -9.942339042874717703e-02 1.486267088311632012e+00
8.615357619723502669e-01 1.283624623269014609e-01 -7.731414647375448035e-02 1.465840493392125188e+00
7.506742084621845779e-01 1.259594624193933476e-01 -8.626762470246371328e-02 1.236717415262587050e+00
8.723801510712303475e-01 1.791190323417669317e-01 3.368508270681391803e-02 1.496733926358267741e+00
9.750013602445098959e-01 8.860655537015574290e-02 4.727391063835555129e-02 1.729856794460261415e+00
8.674097815492923802e-01 2.077713397821246422e-01 5.681536562604103113e-02 1.493655755398269225e+00
8.596752299802864483e-01 1.186968658364841861e-01 2.348621149366511215e-02 1.455471587602500838e+00
7.325981911411751923e-01 1.165186844346664669e-01 -1.777945398503564534e-01 1.210958798258084501e+00
9.732122945172760886e-01 8.975096901176396469e-02 4.579319964886443411e-02 1.725672486846136611e+00
7.208070709473909377e-01 1.192599128758567162e-01 -2.926184919079022895e-01 1.207488686306774417e+00
8.453300955946644324e-01 9.246791036583459911e-02 -3.753802317840122804e-02 1.418755654193365690e+00
9.211403557750535986e-01 9.578492551932242527e-02 1.011460285386990010e-01 1.604682860781293741e+00
8.683633662558863930e-01 1.482304698761128803e-01 1.925496427100785099e-02 1.480490503591422202e+00
8.470611741184478349e-01 2.115587672077795522e-01 -1.503668845117692721e-01 1.461721783741483538e+00
9.624959235489088938e-01 9.266380850887685761e-02 4.715153760429210972e-02 1.700039298516717201e+00
8.022460674999745134e-01 1.549788713951703034e-01 -2.750581172649900208e-01 1.381157279273612204e+00
9.168638306113597869e-01 1.014861738665281121e-01 1.008154459023316990e-01 1.594869912628153807e+00
8.596931848422034728e-01 1.329132811303008754e-01 -7.315364446267456910e-02 1.461785048135567866e+00
8.932642133593393652e-01 1.558521473313716210e-01 6.494645595438998387e-02 1.543177530229348671e+00
8.725562856206151574e-01 1.974846595240635216e-01 6.503256010416108568e-02 1.503411074419496840e+00
8.391915558207455605e-01 8.643825123160174539e-02 1.797716220424604508e-02 1.403041949585883241e+00
8.707111200416233210e-01 1.651970965466565966e-01 2.615100037488674034e-02 1.489486229402818385e+00
8.659057166030517116e-01 1.295724382944882791e-01 1.932288329755917425e-02 1.471675171023989037e+00
8.961778713761556769e-01 1.440590621363874169e-01 5.173740249814642866e-02 1.547055961329095064e+00
8.715231886347543089e-01 1.493062591776496140e-01 -1.116464323846320938e-01 1.497868354856662476e+00
9.638781733597728829e-01 8.963904180983482683e-02 5.094225015554797176e-02 1.703415396223128653e+00
8.708894415613319673e-01 1.448670029675552806e-01 2.110336847410053396e-02 1.485912099172772782e+00
9.245726054469757260e-01 1.115095338411082881e-01 3.678148065377633696e-02 1.609844148718397427e+00
8.741208034070077071e-01 1.227805616059037819e-01 -1.940967568776106877e-01 1.515248331422326622e+00
7.378678848873797547e-01 1.236756507235207136e-01 -1.565325851833578308e-01 1.219123108275393497e+00
9.580255354584500393e-01 8.624650582846661584e-02 5.661019182084507662e-02 1.689279189066955178e+00
7.179716664410689120e-01 9.493316245617665350e-02 -2.685093540699708958e-01 1.191983240059597993e+00
7.221786266259228038e-01 1.005156946666605072e-01 -2.733794329822290536e-01 1.203053990342536128e+00
8.783264969259116928e-01 1.750513141957331653e-01 4.630857774890050765e-02 1.510470414779696569e+00
7.517836799560292382e-01 1.538557614641926086e-01 -2.607069787733456434e-01 1.276834997131244265e+00
7.323181430388943092e-01 1.377799980497816101e-01 -1.915435542989596951e-01 1.215730152876132397e+00
8.671491769321494347e-01 1.070677334811713927e-01 -8.916156285029139261e-02 1.477546218964776781e+00
8.636741409449939511e-01 2.070864129523233843e-01 2.939565911329979422e-02 1.483236212874481819e+00
8.447794014096434712e-01 1.026770763369375672e-01 -3.910389840283377133e-02 1.418973175865034575e+00
8.376215228421128867e-01 8.862112009150997782e-02 1.260572756369128349e-02 1.399551564230625544e+00
8.665626755741377973e-01 1.307749919137726480e-01 -9.193077774824913451e-02 1.479867968787008436e+00
8.495819183353112702e-01 2.395618130310573080e-01 2.996170985765578276e-02 1.460446931400703363e+00
9.759783734077140949e-01 8.913358632904427870e-02 4.754748795827458407e-02 1.732367209771807470e+00
7.546994288922046490e-01 1.176151278126242594e-01 -6.630320783685501873e-02 1.241188118382926753e+00
9.708877271306345369e-01 9.001540756683250322e-02 4.525454432672844363e-02 1.720034806726211229e+00
9.563622684665604723e-01 9.480806364079757964e-02 5.547942242956300368e-02 1.685928787117827898e+00
8.549892845608727532e-01 9.996133621349977127e-02 -6.014161387543170978e-02 1.444328185857421287e+00
8.991771944041079268e-01 1.398450953395171670e-01 5.084801337097874518e-02 1.553424244994366710e+00
8.756703425593256318e-01 1.784641241295093494e-01 4.189010882485993265e-02 1.504712498064456172e+00
8.534612403346998333e-01 1.186680084308064514e-01 -5.977869982193804305e-02 1.443490885073730023e+00
8.680428100863637475e-01 1.866490619447681298e-01 2.810473262403907074e-02 1.488082518751449923e+00
8.988132918529305737e-01 1.391786415875046201e-01 4.767365932623962577e-02 1.552283172970673863e+00
9.653365823203725604e-01 9.130560714249223719e-02 4.599361490353563037e-02 1.706723821182747125e+00
9.565308069487977738e-01 9.561326020240604184e-02 4.854369552826323653e-02 1.685867884831810048e+00
9.076138428803182112e-01 1.331263875518683970e-01 6.350681950660351516e-02 1.573340856811793476e+00
8.693616244943950244e-01 1.041564192141738454e-01 4.454159385316465436e-02 1.477612818761861568e+00
9.063473256918490595e-01 1.348532660028375074e-01 8.024198869507019605e-02 1.571572938241830197e+00
8.904469490799954423e-01 1.547894056263874052e-01 9.690783629833284174e-02 1.538289689749742895e+00
8.546386980118862997e-01 2.326321006545289394e-01 3.283931690722894509e-02 1.470229202540323188e+00
7.245347487840310130e-01 1.270492930982088653e-01 -2.956279501523649267e-01 1.217148947814657323e+00
7.330187933000333889e-01 1.097737053546572611e-01 -1.887847150070607605e-01 1.211981152362370695e+00
8.390481594522041231e-01 2.083330028559156333e-01 -1.653654206083572942e-01 1.445625662004481837e+00
9.531107973438535108e-01 9.699516483728269634e-02 4.858040417472093975e-02 1.677677509668959122e+00
8.734963172287919519e-01 1.168531574640082893e-01 3.103881820334896888e-02 1.488346711691627577e+00
8.707959957768690584e-01 1.014925056310483076e-01 -9.991249070899933804e-02 1.486716455606101439e+00
9.148784513360438408e-01 1.255477867299160111e-01 6.430972818551920767e-02 1.589738773345935607e+00
8.814351143764173058e-01 1.628303237727621311e-01 4.272513067229454647e-02 1.515117024611795316e+00
8.543455230229145547e-01 2.216419987191103058e-01 -1.172483539820053100e-01 1.475153884297558005e+00
9.200650704235068256e-01 1.208036433760783651e-01 5.360216648544485762e-02 1.600860532991573049e+00
8.545195022489366909e-01 1.951523622370420763e-01 -2.105076963080698693e-02 1.458293172266685422e+00
8.767742639255612369e-01 1.710045149792210339e-01 3.850496848854611381e-02 1.505571491167291276e+00
7.466793810673381104e-01 1.143639842738918833e-01 -9.500047350413132197e-02 1.226991376311823645e+00
8.723459550586628586e-01 1.507634403577853000e-01 -1.486116744090627828e-01 1.506203538800047648e+00
8.749646024610043815e-01 1.464426347516354643e-01 2.500560968182394608e-02 1.495944545704077644e+00
7.246018988082435497e-01 7.195273667844261090e-02 -2.126915658212880922e-01 1.193804432090166845e+00
8.349883235219293098e-01 8.861212035917132024e-02 3.205867384308412615e-03 1.393179517303969606e+00
8.858154145929773016e-01 1.432431920967142669e-01 3.420442738950271039e-02 1.521429433738723080e+00
8.771450802613537379e-01 1.222964407239955642e-01 -1.268189396192423157e-01 1.508542262508091314e+00
8.734466199751697024e-01 1.631203149014988363e-01 2.958290618122293159e-02 1.495682338552661195e+00
7.365386554893312843e-01 1.306541423825133552e-01 -1.531971882484550462e-01 1.216517378134005289e+00
8.690973499478470421e-01 1.300051139595827243e-01 2.080483270195920137e-02 1.479271522976271847e+00
8.584691393557617456e-01 2.314076414646688284e-01 -1.586385111919875654e-04 1.474937145576895370e+00
8.792941335048423124e-01 1.149168602773846110e-01 -1.789304646141767763e-01 1.522481683293013477e+00
8.834160826010036827e-01 1.265803769449158067e-01 2.738662776715601946e-02 1.512808705971713463e+00
8.791896551725306708e-01 1.768876897611896259e-01 5.088636077399512347e-02 1.513168467977840770e+00
9.620847641239771431e-01 9.324759826654493988e-02 4.832942521209972198e-02 1.699242227634698787e+00
8.882780144517629095e-01 1.648710445859002671e-01 6.529927265278394344e-02 1.533170147789061355e+00
8.580556566925787720e-01 1.020337564076614079e-01 -6.871130214698052685e-02 1.452866948347308895e+00
8.453650687175000566e-01 1.109807375488791881e-01 -4.105606691625093840e-02 1.421818761883890447e+00
8.595080427191194028e-01 2.169647255821590681e-01 -1.084679993871220521e-01 1.484485889879380016e+00
7.611768329659505117e-01 1.228740317096657653e-01 -5.808924285700643730e-02 1.255150368439936104e+00
8.577013357982509190e-01 2.149302541065097605e-01 -1.184569958547973534e-01 1.481309309724895273e+00
8.742713117684880464e-01 1.376224096027607313e-01 -1.214519066237672446e-01 1.503584056431443106e+00
7.597523882432292153e-01 1.187345195924039837e-01 -5.623762283558888381e-02 1.251463839524268318e+00
8.867609934200021415e-01 1.712374816371521336e-01 7.942551285935335603e-02 1.532297521587886457e+00
8.244869982597090585e-01 2.022895462407843514e-01 -1.893537597998220523e-01 1.416728227803052631e+00
9.028150581022175158e-01 1.284392837941192855e-01 3.921606195129073713e-02 1.559812565180404231e+00
8.638805124601961483e-01 1.275297429823862294e-01 -8.349622331872391667e-02 1.471962594940145586e+00
9.077370352184858104e-01 1.361219487771882508e-01 9.643123411890876240e-02 1.575259639085104579e+00
8.731497116245685586e-01 1.076060631297915682e-01 -1.070758788476474932e-01 1.493945829537564940e+00
7.442946196610599197e-01 1.276182911079519755e-01 -1.073315998038619906e-01 1.226062876177163030e+00
8.361654716719424396e-01 9.064663506555184491e-02 -9.992102135016056597e-03 1.395768158793658564e+00
8.663260838222526239e-01 1.110500046920920164e-01 -8.658991786610165109e-02 1.476005934108351125e+00
7.478952632119982846e-01 1.269061427773844897e-01 -9.581709659241256782e-02 1.232224041422735450e+00
8.757368608074630467e-01 1.593115384064392459e-01 3.097783942964855985e-02 1.500402216807621425e+00
7.449416989497489316e-01 1.278012587806545697e-01 -1.069599850186341850e-01 1.227448373126668990e+00
8.756282639883569141e-01 1.318445405771955237e-01 -1.262164324923071013e-01 1.506476544462118872e+00
8.780270627583243170e-01 1.868842088991748418e-01 7.096467171412113029e-02 1.513948745836231513e+00
9.397444573402368162e-01 1.068633544682921072e-01 5.510773720873965442e-02 1.646757192865709207e+00
8.725994125361991038e-01 1.276649326851433397e-01 2.319132246734138814e-02 1.487257982375701282e+00
9.072570802123909317e-01 1.283893394143216515e-01 4.461370710191302213e-02 1.570686661645175342e+00
8.803441942857888058e-01 1.697542192449798260e-01 4.651556007508601126e-02 1.514174004367043302e+00
8.836032607448013332e-01 1.768496702366272044e-01 7.539802311426788139e-02 1.525286111690872692e+00
8.547701100051046108e-01 1.945635685657913505e-01 -3.153772909343445507e-02 1.459107647004037833e+00
8.529597235498606045e-01 9.253563998524660938e-02 3.791365932124587945e-02 1.436983878048303964e+00
7.374421384116874867e-01 1.095565929779090814e-01 -1.349897296153138582e-01 1.212287776602390954e+00
8.830596629956550814e-01 1.661433217857128664e-01 5.047831394891792722e-02 1.520190319798042200e+00
7.329874341981005292e-01 1.184897520604790561e-01 -1.698578956294255204e-01 1.210454782424608577e+00
8.758576802148799745e-01 1.209655016745818101e-01 -1.600703488176588862e-01 1.511207955002331627e+00
8.871414755133145702e-01 1.192382880800525458e-01 2.729920107691048356e-02 1.520862659286930096e+00
9.483587660222525528e-01 4.570370963074146808e-02 7.953130897595761528e-02 1.665877981501485250e+00
9.873491691211008225e-01 8.838519035594698259e-02 7.919066586183552692e-02 1.761948187669826194e+00
7.371248280056267310e-01 1.234776936386405982e-01 -1.402981815269502275e-01 1.214530785592710327e+00
7.283466232521929040e-01 7.823481698641385207e-02 -1.930445608989550532e-01 1.199050919593923181e+00
8.583441635237674117e-01 2.267164245633931097e-01 -1.730825429204760346e-02 1.472925951749788132e+00
9.879957423381502402e-01 8.614698314035017235e-02 7.853044583497921505e-02 1.763153183743231933e+00
8.554472878406758074e-01 9.546542640127522739e-02 -5.955711499626827055e-02 1.444708429996724108e+00
7.450337360099952289e-01 1.195232047440195622e-01 -1.098432713665124516e-01 1.226583076596917454e+00
8.669761340214421352e-01 1.546611715066500692e-01 1.887066437555806955e-02 1.478377078342856032e+00
8.713072123447486161e-01 1.498602837371217078e-01 -1.572068441277386097e-01 1.505289781624633338e+00
8.431018781831347564e-01 9.154066757421988609e-02 -3.185667513185980182e-02 1.412989815656318981e+00
7.340749226798265470e-01 1.192469549941542195e-01 -1.830560016459597539e-01 1.214579589938597159e+00
7.983043296793351784e-01 1.808475325512939325e-01 -2.415530919997497528e-01 1.367049784611664931e+00
8.708439086479955460e-01 1.428666368301984846e-01 -1.690385224013299936e-01 1.505355041792409532e+00
8.412435694070555803e-01 9.128772750504246525e-02 -2.631708605142802498e-02 1.408021752637248269e+00
9.024073066525931663e-01 1.367643780347577998e-01 5.327934410960109834e-02 1.560796010418754598e+00
9.620627040663765062e-01 9.346042295717886528e-02 5.020325836317805768e-02 1.699594546560479369e+00
7.316008564885538856e-01 1.368058487907697351e-01 -2.028945711400683971e-01 1.217312883354553898e+00
9.138592091093408198e-01 1.086017093114344106e-01 1.769265778692696856e-02 1.583759078707101420e+00
8.418636031869836112e-01 8.635727631141600080e-02 2.595986444960968892e-02 1.409542110362739686e+00
8.651728368214492981e-01 1.189515705344715429e-01 2.632450922683925859e-02 1.468624581343269231e+00
7.897331704546376452e-01 1.513788960044842036e-01 -2.860972463705219737e-01 1.370807645698731037e+00
8.366736220384980438e-01 2.211739088864989877e-01 -1.376781388693394115e-01 1.438221593781074725e+00
9.468251131321575587e-01 1.021934537052734265e-01 5.420009593028149442e-02 1.663335630709076529e+00
9.511492919913724364e-01 8.280405462298916219e-02 6.574771417932291639e-02 1.673032539812053798e+00
8.591228214126765961e-01 9.665771400329895013e-02 -6.825204993832384437e-02 1.454501332795695046e+00
8.765283399495243932e-01 1.307418815222322894e-01 -1.341925475539430535e-01 1.509774134084828745e+00
8.769090226214735218e-01 1.408167974984913251e-01 2.524111213831198297e-02 1.499567610938107975e+00
8.591661116600098902e-01 2.093553959922276608e-01 -1.233956377678535887e-01 1.484065634325352878e+00
9.429534869858018364e-01 1.047159529190783700e-01 5.350170041970474938e-02 1.654166158160176314e+00
7.570321282610584790e-01 1.259829598897871661e-01 -6.846304730553591511e-02 1.248395178813687778e+00
9.738595144052981656e-01 8.906150650289329507e-02 4.610136398751318171e-02 1.727104556922474554e+00
8.483093065269524669e-01 2.073009925486373750e-01 -1.548707736821116066e-01 1.464333380853895195e+00
8.703449158096541183e-01 1.842289033286443611e-01 3.254437609339304316e-02 1.493071617449466926e+00
8.693551609739355035e-01 1.056325114166817986e-01 -9.618454936974926706e-02 1.483352071857028998e+00
8.767794504241256393e-01 1.247931079880001126e-01 -1.388776837589430768e-01 1.510232072512625701e+00
8.398141868034195712e-01 9.074021378195946952e-02 -2.308268953849196281e-02 1.404317444001358828e+00
8.431212591513758126e-01 8.670013922092990877e-02 2.813549604401559961e-02 1.412617980837763687e+00
8.691020442274769442e-01 1.132976680693180971e-01 -9.592809143243301306e-02 1.483708875591440046e+00
8.721390836484671505e-01 1.437592936850729253e-01 -1.611304089049422072e-01 1.506882409585383886e+00
9.631518638626823670e-01 9.062885953906293923e-02 5.140801592246976165e-02 1.701840493301568946e+00
8.586283395595137868e-01 1.929603377504978678e-01 -1.507270399563106766e-01 1.483830146874670186e+00
7.525108592924805162e-01 1.161988397606680268e-01 -7.556964064954010962e-02 1.237325027994694349e+00
9.245081471718741284e-01 1.176211890408581928e-01 5.560212301413103297e-02 1.611275431093908139e+00
8.712341489162643837e-01 1.363143852566101599e-01 -1.737780206975330644e-01 1.506072389299120351e+00
8.998220536308730866e-01 1.451504633065439642e-01 7.552320409604131035e-02 1.557467387575754314e+00
7.955514744725279419e-01 1.814708572451429469e-01 -2.400053608680277062e-01 1.360726547889328009e+00
8.171657843033349744e-01 1.994806480505256774e-01 -1.980164008836466649e-01 1.401667496340429198e+00
8.442596080408877324e-01 1.221513383202840058e-01 -8.351630187189199549e-04 1.419770265703142353e+00
7.347886066230758795e-01 1.239745721373354537e-01 -1.700147438441231007e-01 1.214628431481457715e+00
8.146621665796834888e-01 2.005174899188144899e-01 -1.963663093468715481e-01 1.395949490051094255e+00
8.720890190996394287e-01 1.160668621362663244e-01 -1.052930954701832428e-01 1.492319422926227324e+00
9.591568872288430692e-01 9.479635222262899896e-02 5.171669407323944284e-02 1.692518006637204309e+00
7.341088035823272184e-01 1.153374115162073693e-01 -1.797639874446495256e-01 1.213562634527202366e+00
9.186848320239801025e-01 1.215241484193953364e-01 6.629981167884700655e-02 1.598504802929423985e+00
9.786924686562848974e-01 8.910709922378574899e-02 5.044090878229097463e-02 1.739146583537848567e+00
9.583774697181254298e-01 9.050240844989897171e-02 4.528736591467007189e-02 1.689619041972497904e+00
8.444601700231948449e-01 1.078013621055259191e-01 -3.904212291318753802e-02 1.419074864861788354e+00
8.673371023596241347e-01 1.345790319953980019e-01 1.881840586186518324e-02 1.475769087362566845e+00
8.771864513836182820e-01 1.237056711357800570e-01 -1.467986381538084473e-01 1.512377467447536983e+00
8.740281745782224609e-01 1.440310713054430147e-01 2.354652427324523470e-02 1.493253439092746548e+00
8.682422625941857985e-01 1.371530534257930922e-01 1.916302366601288845e-02 1.478316425192671035e+00
7.240105547030761812e-01 1.162075519771194193e-01 -2.900150496975156811e-01 1.213315674766272334e+00
7.211827315723433607e-01 8.939877571406325274e-02 -2.595085295226343680e-01 1.196833612848805295e+00
8.656800623013147788e-01 1.654300082216982049e-01 -1.626769872883609691e-01 1.496386947489759978e+00
7.557414694325143012e-01 1.220967240459555209e-01 -6.969408807774146730e-02 1.244518350724213684e+00
9.401185681876623734e-01 6.649331520777314319e-02 9.432721666225035717e-02 1.647801758786034743e+00
9.675921153156038512e-01 9.134752940310415792e-02 4.607072329869431326e-02 1.712342956649115733e+00
7.336917954723712887e-01 1.352907706677416166e-01 -1.811225078324007753e-01 1.216004358864488877e+00
8.553657391819675659e-01 1.944593489875162950e-01 -4.520350810079572235e-02 1.461462971032786218e+00
7.315152283488894902e-01 1.060968254500183755e-01 -1.742135432401733519e-01 1.206181022501921385e+00
9.685712449300336591e-01 8.992465179005605658e-02 4.492805522367088189e-02 1.714320908914831687e+00
9.405205259764423120e-01 9.556150906708898995e-02 3.419272842204049145e-02 1.646626026602458381e+00
8.519971553012192222e-01 1.048001446928735481e-01 2.691392422494022149e-02 1.435673524107114796e+00
8.527112851160449924e-01 1.701485498249850903e-01 -1.934611547663053488e-01 1.474174328603698347e+00
9.273752199271719787e-01 8.633561309578657861e-02 9.972807638162914379e-02 1.618806299457320463e+00
8.848961011516914832e-01 1.409197828321205326e-01 3.214405385903530005e-02 1.518787834925456659e+00
8.758822952212110824e-01 1.279749112036933922e-01 2.425817096074061111e-02 1.495062616071074713e+00
9.782036829502047670e-01 8.868621330364014066e-02 5.034149916249633372e-02 1.737853016379390159e+00
9.528027123695486100e-01 9.556799989235001402e-02 4.703062782729363484e-02 1.676692975705945443e+00
8.407940296877997044e-01 8.708982529554427920e-02 2.155213835963180544e-02 1.406990344942972371e+00
7.247000966524530519e-01 1.068563894814171522e-01 -2.703097045018958422e-01 1.209109127913197801e+00
8.353144764234238240e-01 8.670199261633555754e-02 -4.091138008874308646e-03 1.393322101908141208e+00
8.350326340742951770e-01 8.648501975037194145e-02 -2.143321000106117920e-03 1.392650648612234754e+00
8.651888313229391114e-01 1.188840673985212121e-01 -8.564058362982032713e-02 1.474044241089177421e+00
8.835229430583431132e-01 1.765443862628591487e-01 6.990349341996172916e-02 1.524500149225749279e+00
8.393120331540908641e-01 8.875029560582554933e-02 1.702926204773039590e-02 1.403626615186155169e+00
9.643739500499840522e-01 9.245337201981963793e-02 4.708884418211599365e-02 1.704866612567467854e+00
8.410185810754795543e-01 8.626232415625569028e-02 2.322138599244021051e-02 1.407454816995153069e+00
8.542774107348369839e-01 8.928973334819348406e-02 4.209383515643624202e-02 1.439962755154544194e+00
9.589749411649904909e-01 9.321511045779881655e-02 5.405090940663719729e-02 1.692060085274191383e+00
8.674945183447216879e-01 1.994720119666309466e-01 3.753431488375750386e-02 1.490364149282175310e+00
8.885763823047295729e-01 1.570926711562540268e-01 5.409948473115835238e-02 1.531626798255922628e+00
7.283596559130848247e-01 1.337779299697103852e-01 -2.958026282425645359e-01 1.226004624185572878e+00
8.853095263064779674e-01 1.609411095744877895e-01 5.054451938513359471e-02 1.524372847834313038e+00
8.537464272736315918e-01 2.360967000821224404e-01 1.642674043341496928e-02 1.468549382555925931e+00
8.552173389157058381e-01 1.518572540265009929e-01 -2.041573632411100014e-01 1.478852032768480429e+00
9.334748531283462158e-01 7.680990296255174599e-02 9.738402396642081849e-02 1.632631292933162781e+00
8.838915350612396304e-01 1.167912551620444439e-01 2.937574251254847224e-02 1.513115738808000321e+00
8.367132442083382582e-01 8.964541908863636610e-02 -1.404942452978138502e-02 1.397038811574372374e+00
9.017573556841712579e-01 1.124643288795828394e-01 9.674800499750776245e-03 1.555922909883809879e+00
8.476226875467156585e-01 1.056844387141187974e-01 -4.582743874095813325e-02 1.426536952940949288e+00
7.868416766913212124e-01 1.777818506539286525e-01 -2.474327986903016863e-01 1.342927720882830078e+00
8.577450842264358055e-01 1.600943035942271608e-01 -1.911387048178799231e-01 1.483147655473579407e+00
8.605052350173590936e-01 1.371875553949882531e-01 -7.505411130464170744e-02 1.464658030431676750e+00
9.710409499631387220e-01 8.962828491009826315e-02 4.505515241947903593e-02 1.720304530029829637e+00
8.586819752053664878e-01 1.416117132074211360e-01 -7.080890190416128105e-02 1.460730142926759179e+00
8.390631050923376133e-01 9.091724268377138207e-02 -2.134010378467281199e-02 1.402473295677644005e+00
8.564297062979836506e-01 1.958064020235955882e-01 -5.770873252683985863e-03 1.462686899261382178e+00
8.322899704814965549e-01 2.091775355358322375e-01 -1.701199880664763520e-01 1.431628708037949504e+00
8.596273371641327543e-01 1.458471159471134981e-01 -7.264340614575093280e-02 1.464064623645037200e+00
8.994796802506673794e-01 1.315422846179289118e-01 3.882510349575084979e-02 1.552242480670112057e+00
7.437754147670857519e-01 1.170755489433800839e-01 -1.092231894588561597e-01 1.223236132845133772e+00
9.637154170346418081e-01 9.315522606044562837e-02 4.656054003324625046e-02 1.704192056610552397e+00
8.741739221878721544e-01 7.974260505379511532e-02 -1.018004089320243555e-01 1.494310854712884273e+00
7.406842283738523935e-01 1.124230538105745192e-01 -1.160522278490087184e-01 1.216681654388400258e+00
7.362720080001087242e-01 1.331059125965889101e-01 -1.682683312308019818e-01 1.218979319970889819e+00
9.347052956780130817e-01 1.018333773831422845e-01 7.498791606174927404e-02 1.635691350153987589e+00
8.457281081441428983e-01 1.054500129325753044e-01 -4.132117689303083791e-02 1.421764386929573520e+00
8.720565918861231669e-01 1.911325948719540258e-01 4.456164481033480368e-02 1.499259146946167132e+00
8.643889023823011497e-01 1.469822492689592808e-01 -8.702321537357594894e-02 1.477493225172228586e+00
8.928803000907223897e-01 1.202391392223550459e-01 1.254512940366119683e-02 1.536050330904729089e+00
8.722702713808496711e-01 1.499658963040824411e-01 2.333904342848634392e-02 1.490146447136144525e+00
8.494023951242030135e-01 1.684415669041899877e-01 -2.025442640015560902e-01 1.468405411051517895e+00
8.627077694287923482e-01 1.979283132344423490e-01 1.892605034822160762e-02 1.478414275447794024e+00
8.722975868731560611e-01 1.535034270423113745e-01 -1.229848029765590461e-01 1.502226274626013325e+00
8.636026374085932211e-01 1.640746273955549783e-01 -1.721869167483920382e-01 1.493287018776036756e+00
8.566700667060250796e-01 9.738357891190108084e-02 -6.256439524981975697e-02 1.448176456093869469e+00
7.522992862314076268e-01 1.537897112154423263e-01 -2.812874861393663828e-01 1.274537545810690453e+00
8.777759681451635654e-01 1.204038731546082514e-01 -1.353812710418499654e-01 1.511282492012849143e+00
9.043400640613923347e-01 1.370402352248080435e-01 6.424258705091505373e-02 1.566148603438856979e+00
9.720072021280032892e-01 8.898920209215670230e-02 4.563158662544032629e-02 1.722561520388671052e+00
9.352919212230801360e-01 1.097863767460757756e-01 5.402779935755595841e-02 1.636237952947742436e+00
8.794710537114690529e-01 1.678281507604768297e-01 4.241812430727847499e-02 1.511476801064156605e+00
7.216357664925440174e-01 6.908681055553093919e-02 -2.295707410729621034e-01 1.190092670338521508e+00
7.241205932627837738e-01 8.717984566787477518e-02 -2.508818220203472005e-01 1.200417543719874969e+00
8.601773233757459280e-01 1.891125387356518139e-01 1.054760482461835833e-02 1.469474714205774024e+00
9.221077406963321677e-01 1.134102875289517420e-01 7.884589669993635752e-02 1.606788055824339922e+00
8.718929671522350766e-01 1.192381187353399596e-01 2.829489470648970453e-02 1.484683940642751887e+00
7.374539368296396669e-01 1.259799696752339770e-01 -1.393278613859471327e-01 1.215396206019158321e+00
8.804056812916902786e-01 1.398222165807803119e-01 2.769518919086308081e-02 1.507772729007544665e+00
8.728278306591863434e-01 1.345917692151415435e-01 -1.109385309960036758e-01 1.497998875159249010e+00
8.575966734530803270e-01 1.934675066721549541e-01 -2.251145716439004012e-03 1.464569958212216028e+00
9.619529091040566193e-01 9.297554289607470879e-02 5.149597275206990732e-02 1.699199028408138190e+00
8.682755185177656321e-01 1.607873765139705147e-01 -1.574971770407717631e-01 1.500418574682800932e+00
7.950492518972895883e-01 1.546189311869909655e-01 -2.803667846758619020e-01 1.367737636402191592e+00
8.891816227223285907e-01 1.635868217487479737e-01 8.702623187312480413e-02 1.536825722585900555e+00
8.572980064226843888e-01 1.665996532008151010e-01 -1.874410587976691467e-01 1.482604687171213520e+00
8.356767883472409064e-01 8.767508367029465399e-02 -6.475221129716350263e-03 1.394253479137358642e+00
7.347816155775802605e-01 1.352155516027140347e-01 -1.788413723206371264e-01 1.218141174626665935e+00
8.946692937700839732e-01 1.391473098741642933e-01 3.992888872314306198e-02 1.541795291445673399e+00
8.918249643537915494e-01 1.461543481654491994e-01 5.002692243044754017e-02 1.537238578069906270e+00
9.513720076867401287e-01 7.314543038833626332e-02 4.273418572312645547e-02 1.671867384565408621e+00
8.943759144390029947e-01 1.488946946487239020e-01 5.664349508431286429e-02 1.543905317309979708e+00
8.835274450281708214e-01 1.367826198314187336e-01 2.915208811868490527e-02 1.514723040066246806e+00
8.932682907502083047e-01 1.417347931281119910e-01 4.279407751509161500e-02 1.539179337062853703e+00
7.355578285392539994e-01 1.391932285198275443e-01 -2.950076743202356688e-01 1.241888785046699084e+00
9.042963368029497406e-01 1.384809366763506966e-01 7.601228357467351704e-02 1.567015536885091320e+00
8.726169992393508767e-01 1.483131292534800583e-01 -1.197520216226564960e-01 1.501474849140229662e+00
8.366985271188753792e-01 1.580794971316715758e-01 -2.318297050601280385e-01 1.444858913373641363e+00
8.922207514956249641e-01 1.538942558434082675e-01 6.114008649192216593e-02 1.540072875621049775e+00
8.869971813222251589e-01 1.470588820734519686e-01 4.436942303131160420e-02 1.525810691211869852e+00
9.109262216011551061e-01 1.141097193366121532e-01 2.642043756244193825e-02 1.577255555734091264e+00
8.746348474423087938e-01 1.187204817152987396e-01 2.950487379696615370e-02 1.491196903548594799e+00
9.659179352478581837e-01 8.820937641228177029e-02 4.895069170044688556e-02 1.708079333984337200e+00
9.476427674456088246e-01 9.191745627234595983e-02 3.963169081965200319e-02 1.663589188284992915e+00
8.784683519721908640e-01 1.107735960301364508e-01 -1.439667841416731875e-01 1.512768058693288786e+00
8.463017039477527259e-01 9.360924261625253040e-02 -3.990816200915874024e-02 1.421330033360993728e+00
8.732323659948542094e-01 1.523919756851761786e-01 2.506108866588005815e-02 1.492925160489327441e+00
8.887424409529056657e-01 1.663947510309236044e-01 7.865171311648722074e-02 1.536734912375058215e+00
8.658026823880952128e-01 1.228473801445565949e-01 -8.775898189111872028e-02 1.476276689795489094e+00
8.680647180640772564e-01 2.019876654940716831e-01 4.205977082140788942e-02 1.492550404522673624e+00
8.692949013845752138e-01 1.510022594396855378e-01 2.061663139388756824e-02 1.483224181054739965e+00
8.365532379584313949e-01 8.938091078504822873e-02 -1.160959690820086154e-02 1.396618487946983844e+00
9.829935657369645030e-01 8.780386524355766886e-02 6.137681017352501073e-02 1.750039373136495380e+00
8.453412518209042492e-01 1.308192709313862057e-01 -4.512486354714583675e-03 1.423574587229686994e+00
9.018397433527531870e-01 1.412278412645864845e-01 9.862924214018507774e-02 1.562537163092442061e+00
9.540745667604783042e-01 9.532141543752882529e-02 5.802048694994799138e-02 1.680586623193411677e+00
8.364450886011097763e-01 9.079872944241564048e-02 -1.253924126209928457e-02 1.396534965918863724e+00
8.668920456853708156e-01 1.145136355149586754e-01 -8.962538469183191359e-02 1.477973551837911126e+00
8.910478992736385884e-01 1.525269664996293517e-01 5.370548597382187456e-02 1.536494278282404702e+00
8.554320416021230500e-01 1.945115645303594487e-01 -1.129144408982715730e-02 1.460049251988569496e+00
8.685891373962668638e-01 1.047395331283721698e-01 4.216926819188805686e-02 1.475739936016300602e+00
9.564193482355304310e-01 9.586294038705309162e-02 5.396436652213060237e-02 1.686065769263560332e+00
9.669713185197654770e-01 8.840700095176662332e-02 4.795294878443334685e-02 1.710561396132058265e+00
8.825625362226910964e-01 1.345749268131071485e-01 2.768360690848399933e-02 1.511998585166110631e+00
8.165806739177806639e-01 1.804025453961459191e-01 -2.334965126351406517e-01 1.404994530590578217e+00
8.790092439267890301e-01 1.193284265101797886e-01 2.852259682321314077e-02 1.501618514514706071e+00
8.263593416361905142e-01 1.969524852977833362e-01 -1.983122773138865369e-01 1.421784440133824434e+00
8.472210219346125726e-01 1.113734705576689549e-01 -4.564499508804211597e-02 1.426521515353848191e+00
9.401031807517137295e-01 6.621374867201522407e-02 1.317265237413085127e-02 1.644280752832125492e+00
8.566477689796264672e-01 1.090319324217547681e-01 2.891358579942513926e-02 1.447060493808907333e+00
8.781823015636794905e-01 1.864113079159634423e-01 6.524327944111030231e-02 1.513750697050495253e+00
8.869447114324325865e-01 1.546144133925578257e-01 4.641599024128008344e-02 1.526700672149968296e+00
9.012084466811444150e-01 1.239480253314191455e-01 3.350527724580323191e-02 1.555039209437617309e+00
8.546035902985812394e-01 2.091892445695099356e-01 -1.387726245410519643e-01 1.476171383397082204e+00
8.507963392679452896e-01 9.384748024445861703e-02 3.349800468433515588e-02 1.431790535084930704e+00
8.893758581142429120e-01 1.668538740639138596e-01 7.370243019332230194e-02 1.537217991610802414e+00
9.195759660731894769e-01 1.205714385633144398e-01 5.017618758610719459e-02 1.599460192542740078e+00
9.281301847944282146e-01 6.823328907072899463e-02 -2.090070007751322970e-02 1.616431873272435871e+00
7.404130468068232940e-01 1.169326328652586233e-01 -1.325570212128882042e-01 1.219679834158103215e+00
8.532892025666888314e-01 8.940732533862820464e-02 -5.071212147488016880e-02 1.438103400267287446e+00
8.544692429016866875e-01 1.972202224416985394e-01 -2.540778167641754431e-02 1.458869968190887656e+00
8.736894194234259281e-01 9.622210647760141844e-02 -1.098649505299012230e-01 1.494449369045593112e+00
8.605964757502683193e-01 1.956922404435400553e-01 1.043423639109300645e-02 1.472685021096505897e+00
8.699743131860535605e-01 9.811769608712374302e-02 -9.716335166918639576e-02 1.484018075302205419e+00
9.550910851662559597e-01 8.628257907576571129e-02 6.010380581855364474e-02 1.682389167437762456e+00
9.445105241172255806e-01 5.688731510169272448e-02 8.803699677340975915e-02 1.657466317922644539e+00
8.715225994377203689e-01 1.367595659052872614e-01 2.112145756238391001e-02 1.486014341292719365e+00
8.819599061310933186e-01 1.185264529121429627e-01 2.873310803729186777e-02 1.508574808640492426e+00
9.166627779442021451e-01 1.238197375902959640e-01 5.499126406579267490e-02 1.593170665162796595e+00
8.969711961303239445e-01 1.446661021449039131e-01 5.585545518625897876e-02 1.549286137514914286e+00
8.692078539628071976e-01 1.547497959246657007e-01 -1.617572338535530896e-01 1.502247902095032783e+00
8.575652320535244177e-01 2.067851819605564523e-01 -1.329708997399207393e-01 1.481364964248554905e+00
8.420704038288026050e-01 1.270055250743783171e-01 -2.516315143018774472e-02 1.415951828852033412e+00
8.344991337349335625e-01 8.591864010165321808e-02 2.696912250912370402e-03 1.391605486180797824e+00
7.452714569422639324e-01 1.488492309021907101e-01 -2.936482585057583750e-01 1.264737905065484114e+00
8.400616998282391945e-01 2.209440005135424323e-01 -1.375922263488060793e-01 1.445817182981875337e+00
9.400596061980333040e-01 7.647058474244369797e-02 1.597408610966417203e-02 1.644512306024967563e+00
8.556340636644551578e-01 9.240710424446291205e-02 -5.894362572540316758e-02 1.444660994498314643e+00
7.847588769511462115e-01 1.745153074698072293e-01 -2.543052857523877552e-01 1.339825562511001156e+00
8.591880414168335811e-01 8.895036167890844891e-02 -6.338391144886325324e-02 1.453077643022488985e+00
8.217050774645385802e-01 1.696578013938030705e-01 -2.412183872645788096e-01 1.416121074793768919e+00
8.718966072760067076e-01 1.587827939738475080e-01 2.559462167204089311e-02 1.490995511144872721e+00
7.380549746685933776e-01 1.491028409444242753e-01 -2.879128103718069376e-01 1.250746122744706978e+00
8.476436737997598003e-01 9.200144938835334851e-02 3.063095661878705717e-02 1.424028808918937905e+00
7.228760950884763892e-01 1.085005341058632583e-01 -2.826087612317866316e-01 1.207924813752384141e+00
8.617040103854959332e-01 1.888413174685295015e-01 -1.443012910801965698e-01 1.488787802803100746e+00
9.229784055243530627e-01 9.134439410023731387e-02 9.993131276490863080e-02 1.608616014778786907e+00
9.006633124208911489e-01 1.407545570832935689e-01 5.836458863157746590e-02 1.557596902246988879e+00
8.874912957119320822e-01 1.356768082965525701e-01 3.145825024969459149e-02 1.524055939204894017e+00
9.533740336630845968e-01 9.777815486473327711e-02 5.469937304838888570e-02 1.678854844455240025e+00
8.623883959462719240e-01 8.983974749638677648e-02 -7.256814466050123813e-02 1.461725786454709519e+00
8.645993078678426702e-01 1.336513643250160088e-01 -1.969413020562899574e-01 1.495519516186708087e+00
8.612230897779999950e-01 2.169959445429037737e-01 2.467017692366979542e-02 1.480238510749287029e+00
7.386803335158219630e-01 1.137731784527439005e-01 -1.320486672247956905e-01 1.215224941520542501e+00
8.524047292320621194e-01 2.062685228690419870e-01 -1.489178471807030557e-01 1.472304755645073904e+00
8.475567793491821655e-01 9.435382830779059926e-02 2.893735740140510743e-02 1.424058432643066752e+00
8.548907316226633801e-01 1.962958359447935508e-01 -3.627624268481896563e-02 1.460129650168278781e+00
8.782559286336212301e-01 1.453194396444577319e-01 2.774916684656780069e-02 1.503635260208166846e+00
8.358571551509385023e-01 8.533960406581342362e-02 1.170126385747842848e-02 1.394978408855232166e+00
8.633315065306097491e-01 1.403324157372335124e-01 -8.349252410478270880e-02 1.472980284167189735e+00
8.427717877522676870e-01 9.063276932197619762e-02 -2.991201802403996649e-02 1.411983321167323835e+00
8.606761213731308757e-01 2.132504091244674382e-01 -1.046746407538178963e-01 1.485715102385083641e+00
8.643944319979626201e-01 1.579012126868045984e-01 -1.761216608288949381e-01 1.494721472165867482e+00
8.420618894413020028e-01 1.220227988581795708e-01 -6.750939181441750585e-03 1.415069818289970804e+00
8.930180221553588593e-01 1.362539629760530779e-01 3.678688441219087057e-02 1.537465775124216893e+00
7.202568075430529904e-01 6.486344125300644303e-02 -2.163097476689521126e-01 1.184610656147279562e+00
8.593605686105175723e-01 2.033919922446917050e-01 4.125408606841011148e-03 1.472007376417319602e+00
7.321299206825481187e-01 1.258723936766655283e-01 -1.754601673232294989e-01 1.210776000285568532e+00
7.298292203770031517e-01 1.311649832189243081e-01 -2.966027591252132778e-01 1.229288589335152393e+00
9.795325732793174200e-01 8.895399747314775007e-02 5.367986295092945503e-02 1.741328473341986482e+00
8.629337379466188729e-01 2.094695422719611566e-01 -9.244252152519541466e-02 1.488345760430942466e+00
7.254972665083394556e-01 1.145825828786791734e-01 -2.800236223349235609e-01 1.214099571606843675e+00
8.768056647072209886e-01 1.188455532549756166e-01 -1.680181603175843197e-01 1.514698133773233701e+00
9.052984083504623802e-01 1.202777067533333660e-01 3.187535115335548425e-02 1.564380685011542704e+00
8.866324241304125442e-01 1.185050089113349331e-01 2.722041584822228882e-02 1.519616540921117087e+00
8.906819889193410278e-01 1.325860331776302636e-01 3.231122094018551438e-02 1.531184002772698172e+00
8.726855345343658144e-01 1.525527579831248703e-01 -1.314286765141107205e-01 1.504312120353139992e+00
7.628080334651933248e-01 1.194771013046751207e-01 -5.474521948104373037e-02 1.257724825140500213e+00
7.628603817443508905e-01 1.183622804699085707e-01 -5.318138313680166596e-02 1.257672911538353588e+00
9.884408356139092744e-01 8.772456529820629734e-02 8.790685352883800818e-02 1.765152065323803976e+00
9.901388209018232578e-01 8.461207517017182989e-02 8.635937348991161444e-02 1.768859359483755389e+00
8.485677536037542490e-01 1.087390650170072665e-01 -4.813337510594659086e-02 1.429418681419659443e+00
7.494876206242306882e-01 1.218909636295547189e-01 -8.291190022710320795e-02 1.232960896901752701e+00
8.255121991404462678e-01 2.064454816627406819e-01 -1.793646584588484694e-01 1.417676836035671739e+00
8.808185719160923632e-01 1.811425578564306305e-01 6.522486543166809703e-02 1.518747608157162254e+00
9.505273296365809310e-01 9.910806275200019499e-02 5.688567291717686741e-02 1.672222645612294389e+00
8.568942237797549932e-01 1.029350159301031659e-01 3.359857645767709566e-02 1.447235063699528368e+00
8.641632858294105990e-01 1.982417162249672793e-01 -1.141295258327554435e-01 1.491491958944196394e+00
8.624019812101538784e-01 8.851178892326483361e-02 -7.221508119622296884e-02 1.461562088065150311e+00
8.525878337721467526e-01 9.023959600527919900e-02 3.936086329474950546e-02 1.435906354921911543e+00
8.514674144181394455e-01 1.512222492733640844e-01 -2.128361772429468446e-01 1.472286666331277249e+00
8.747937389459971014e-01 1.570800924863163806e-01 2.864744629124548955e-02 1.497642647712823072e+00
9.499814974204151552e-01 9.967484394048621577e-02 5.011959274478312160e-02 1.670457450452096593e+00
8.549037708722780904e-01 2.311605645907120754e-01 -8.771812036528434109e-02 1.474708577348427641e+00
9.451902380332417586e-01 9.106993033818783223e-02 3.629750729008289489e-02 1.657558490039381827e+00
8.622621856197509871e-01 2.142878332222584725e-01 -9.534310772397341927e-02 1.488384263169552746e+00
8.657075950294734756e-01 1.267076085938819707e-01 2.013114820233998306e-02 1.470810164735340431e+00
8.704187889388980137e-01 2.005831810691073858e-01 5.321099634624198299e-02 1.498325527970397530e+00
8.533603233171604963e-01 2.012547891935332067e-01 -1.534262061271323141e-01 1.474149468919648598e+00
8.615496975029475202e-01 1.446446595804949664e-01 -7.917210512232256137e-02 1.469235516478723858e+00
8.454219391142081541e-01 1.039241993850667511e-01 1.469665177175106391e-02 1.419908014016454834e+00
8.345987618167481914e-01 8.951178804446807691e-02 4.729940751816464088e-04 1.392292981750954839e+00
9.470747048367564869e-01 1.014973243265555047e-01 5.690440648870628837e-02 1.664069297119380009e+00
7.609553370750029577e-01 1.187181295632972200e-01 -5.630808791970685900e-02 1.253691192805872268e+00
7.609065358570661353e-01 1.186479437129423220e-01 -5.532793171877658372e-02 1.253536792551926071e+00
7.488704728953970990e-01 1.153043911378566766e-01 -8.548669624315599624e-02 1.230521493740203365e+00
9.864279686358669030e-01 8.626919572858204877e-02 7.786179756269979990e-02 1.759335491683790220e+00
9.889217839755799488e-01 8.548654363993141159e-02 7.808450832277905040e-02 1.765419369387206228e+00
8.740288800512481249e-01 1.424930175222884621e-01 -1.246362767494674645e-01 1.504432139980846461e+00
8.808381125038869941e-01 1.173429613373871971e-01 2.975909542868621430e-02 1.505865095548780674e+00
7.320243864003883605e-01 1.301675103747688966e-01 -2.034987964501922264e-01 1.217407481028633942e+00
8.661385311776429452e-01 2.093913507136848373e-01 4.490650188150464850e-02 1.490261289845993486e+00
8.673732375959856133e-01 1.534931921171811819e-01 -1.707753482339996465e-01 1.499633824025133233e+00
7.291396482746895780e-01 1.291600127007497822e-01 -2.778753214712262332e-01 1.224379547806207391e+00
7.969023294239455657e-01 1.600527617084747944e-01 -2.769619089642753051e-01 1.370495773660714622e+00
8.366586670370147472e-01 8.996471172985777420e-02 -1.123711124948205582e-02 1.396840681387208738e+00
9.036336956050999847e-01 1.419035141086941731e-01 9.635361142543893975e-02 1.566855117202512249e+00
9.266602241847239352e-01 1.130563192239323195e-01 4.281883769162722619e-02 1.615235462806094091e+00
7.264349131801517423e-01 1.243220714683991174e-01 -2.945465955334140573e-01 1.220729688333199503e+00
8.946262697982207968e-01 1.312078118698666584e-01 3.422432985423744939e-02 1.540446818158874853e+00
9.169803086169745487e-01 1.039781851994177192e-01 9.755373326646646359e-02 1.595084141311049253e+00
8.789977179353349879e-01 1.569785437486360680e-01 3.422958830775720690e-02 1.507796243545376891e+00
9.295761388703688288e-01 8.214615740263372934e-02 9.795798329643634617e-02 1.623634044157767020e+00
8.987545323599260838e-01 1.452306112170105301e-01 6.357490880412305922e-02 1.554125958994085677e+00
8.668119111773954222e-01 9.609120290116504592e-02 -8.732319086563906929e-02 1.474905703093906117e+00
9.530640451332735852e-01 8.332563872024760510e-02 6.195204774124921099e-02 1.677388529047589838e+00
8.390628175777907760e-01 8.560774769774373572e-02 1.940948148333830614e-02 1.402674565809000740e+00
9.071276786036046591e-01 1.268985844745079417e-01 4.159159765597662817e-02 1.570023603303486892e+00
8.346022853968966260e-01 8.686556825394238512e-02 2.072671481712078535e-03 1.391930608521707802e+00
8.882308502053100074e-01 1.165711755888587803e-01 2.671370187920374742e-02 1.523905554797352568e+00
7.456676857763885335e-01 1.479959857057545902e-01 -2.909217585187141575e-01 1.263485061273815546e+00
8.813352918186789786e-01 1.419684741881086787e-01 2.935365910190214020e-02 1.510412904225475472e+00
7.482197114188225973e-01 1.562210194924354700e-01 -2.611604457452615935e-01 1.270077648504886580e+00
7.419373081652725910e-01 1.509146164562226167e-01 -2.357282889786189439e-01 1.250032667026950151e+00
8.434913935214849445e-01 1.053554199661097396e-01 1.283115240900658746e-02 1.415556889869293400e+00
8.403556089372793414e-01 1.693727803098476203e-01 -2.174170446385101096e-01 1.451702263233127121e+00
8.771050389188843610e-01 1.530918079053327219e-01 2.984059559138641654e-02 1.502402681604924073e+00
8.679869582619654800e-01 1.217849360840840001e-01 -9.412141270537990878e-02 1.482045066011050904e+00
8.620100779449185735e-01 1.474263885520187556e-01 -8.039618978464060928e-02 1.471425556086786379e+00
8.586161124694707825e-01 1.999836815888353103e-01 1.553020703400075607e-03 1.469179560616815650e+00
8.612351901125621101e-01 1.400814349835974026e-01 -2.017307496194173932e-01 1.490033734591554637e+00
8.664778346494638184e-01 1.276762969910135992e-01 -2.011737631217555278e-01 1.499928634560778740e+00
8.343011169070079225e-01 2.068247466755860631e-01 -1.721625662265267864e-01 1.435947604724932658e+00
7.451052798652701981e-01 1.242935862101299943e-01 -1.080099051104653068e-01 1.227342761301083662e+00
8.697482584130552530e-01 1.321550800849536633e-01 2.071534860974243511e-02 1.481109299076442287e+00
8.981291184003520334e-01 1.281914450092740132e-01 3.487531263533584502e-02 1.548366611380425306e+00
8.770731827469429032e-01 1.131074455966213643e-01 -1.703785802573168084e-01 1.514983469497909407e+00
9.439763803798807418e-01 1.030917718882589790e-01 5.889763347203669924e-02 1.656890056218330187e+00
8.800346118107699178e-01 1.045378087478855550e-01 -1.416666196432793956e-01 1.515148301896479532e+00
7.528972701724536698e-01 1.533489643631394117e-01 -2.870856408377116531e-01 1.278576643512818967e+00
8.507612516461746655e-01 2.278070324111293177e-01 -1.117523310666099778e-01 1.467746162786155883e+00
8.061416081358867558e-01 1.561978423084957601e-01 -2.701919264726299619e-01 1.388022946837580873e+00
8.548001782001277693e-01 1.969776987634320187e-01 -1.514655227139016964e-02 1.459321708563983799e+00
8.482137153072861757e-01 1.148501878355599332e-01 -4.765070623100840785e-02 1.429534289423100013e+00
8.567616770747655819e-01 9.765039549165621668e-02 3.779060648066343703e-02 1.446559290552447585e+00
8.372923642655042409e-01 8.539944513654208758e-02 1.576955313078652610e-02 1.398419905625504223e+00
9.352259306778664127e-01 7.242577629703707276e-02 9.511835045127518817e-02 1.636361761303442464e+00
8.914020074467179366e-01 1.159537125214624154e-01 2.560078969016970143e-02 1.530995870573836015e+00
8.696099566190034214e-01 1.169836909447835582e-01 -9.833782839455312841e-02 1.485694909641002814e+00
8.762254479413013053e-01 1.649310733630621750e-01 3.526959373070011339e-02 1.502876054514355131e+00
9.033510401929479849e-01 1.370636144389661693e-01 5.727823208771259944e-02 1.563349942915000845e+00
7.339445159928956741e-01 1.363038269011348780e-01 -1.878403604178576214e-01 1.218599649200808432e+00
8.901371349750364370e-01 1.513773026735992511e-01 4.981213565073375205e-02 1.533894087901718439e+00
9.277015831110830835e-01 1.151338513834978955e-01 5.420552027519658089e-02 1.618565846251001972e+00
9.212413481374790436e-01 1.174075686554020836e-01 7.218555053704305002e-02 1.604603049597814746e+00
8.669957476860862267e-01 9.942811264088807777e-02 4.908346535699834728e-02 1.471765928877427410e+00
9.401345984454210214e-01 1.060095878555610133e-01 5.840719988742081731e-02 1.647850953175642008e+00
7.300327943393116747e-01 9.742459734471213550e-02 -1.906015998620037288e-01 1.204062846820097343e+00
8.455442198331252213e-01 1.232308585244833304e-01 1.343493718197197101e-03 1.422812736628712882e+00
8.762354909256016011e-01 1.510177222223641480e-01 2.791290116315830669e-02 1.499882933539023133e+00
7.315132889970080710e-01 1.161243587027028651e-01 -2.511596162335810178e-01 1.222913651925249923e+00
8.345084608156779771e-01 8.544837663252159710e-02 5.131695154755904625e-03 1.391672070326069877e+00
8.506471155488197766e-01 9.019272481785689521e-02 -4.672679341455455992e-02 1.431663208579217805e+00
8.641753761326929073e-01 2.097158462102532428e-01 3.354893504800149362e-02 1.485243048272493871e+00
7.480491438966745399e-01 1.236904721124009593e-01 -9.789021110272359827e-02 1.232153332399970491e+00
8.869754511037724054e-01 1.629226279820210621e-01 5.863631195675492180e-02 1.529836719246996157e+00
7.502348338184801069e-01 1.248144009957148359e-01 -8.644240126488744735e-02 1.235471600985893925e+00
9.135039761627912203e-01 1.108755650724582709e-01 2.119863953400823869e-02 1.583101382903716381e+00
9.294354401454706371e-01 9.361207601649523813e-02 8.977143590169454901e-02 1.623501897377333414e+00
8.739206455022581199e-01 1.342172702171858800e-01 2.274066187063033401e-02 1.491296812443900555e+00
8.684368215894762155e-01 1.258349650397758424e-01 -9.618599963217536186e-02 1.483995622844844986e+00
8.426200180285162711e-01 1.327856517806438874e-01 -1.926566810954984804e-02 1.417963413985965815e+00
9.022606187637697284e-01 1.267721150146444153e-01 3.702580341399138580e-02 1.558139413348366142e+00
8.833413026327754380e-01 1.742686980583618983e-01 5.996203713687919823e-02 1.522922675616848576e+00
9.367871854138386523e-01 1.079388212281281456e-01 6.045212840805937876e-02 1.640134813289188642e+00
8.350981245883996040e-01 8.515928425356616982e-02 9.548549955192598554e-03 1.393138556977270071e+00
9.454147307083443641e-01 5.244429508669009449e-02 8.280684742601016057e-02 1.659079658228746812e+00
8.548011910688775306e-01 2.241987518865584117e-01 -1.071311293974788609e-01 1.475312342715597635e+00
8.433686099724116980e-01 1.332142721161524990e-01 -1.386554835806073915e-02 1.419627593614785077e+00
8.604995955823123710e-01 9.100297024167254556e-02 -6.802627265254675148e-02 1.456912624399604006e+00
8.997770105105913352e-01 1.444267709719807002e-01 6.716682025965495240e-02 1.556640785267325411e+00
8.780364087679654039e-01 1.330601100772821066e-01 2.483376728839595260e-02 1.500905150651110187e+00
7.851021526306781739e-01 1.564913735559115004e-01 -2.867629694934555884e-01 1.349170332761483460e+00
8.643682046080184422e-01 1.932782690094353995e-01 2.136866883089647701e-02 1.481026042202598703e+00
8.618322390284850476e-01 1.917830660077872451e-01 1.349411915549345378e-02 1.474394657666274089e+00
8.893361379239360653e-01 1.167180242109159827e-01 2.687032938925588976e-02 1.525970186314273613e+00
7.549850623752855094e-01 1.264413883243053482e-01 -6.844398672536401718e-02 1.243935053096760779e+00
9.073562650153267350e-01 1.332761817123034320e-01 5.940868553497144489e-02 1.572479837113736290e+00
8.447944053375973095e-01 1.274562006627983635e-01 -3.004858084693965824e-03 1.421805093890159188e+00
8.713744505599088086e-01 1.214843303477288472e-01 2.523328018549174032e-02 1.483622289169564290e+00
7.334797999192825824e-01 1.342971596843189341e-01 -1.923437884506679629e-01 1.218629310898242446e+00
7.765900745188361043e-01 1.661175810732835600e-01 -2.772967147779204500e-01 1.328710459496266871e+00
9.805951794231546614e-01 8.864956901235453157e-02 5.454630071911299033e-02 1.743918780394485557e+00
8.895435216290510372e-01 1.426402743582184107e-01 3.740378324122364817e-02 1.530225317912254468e+00
9.404977814673234349e-01 6.270921320501408880e-02 9.112546360943925283e-02 1.648215254453499146e+00
9.424284617537718178e-01 9.859522626615868646e-02 4.087952948396268715e-02 1.651642446768486705e+00
8.841465818903657681e-01 1.157766752251764147e-01 3.047649551894326611e-02 1.513966721003663363e+00
9.558130216082725283e-01 8.800007935715647989e-02 4.400073312817137650e-02 1.683174462258655524e+00
8.617830317938593998e-01 1.560144769635752604e-01 -1.856349214640736212e-01 1.490430518808348204e+00
7.272263886871975780e-01 1.003742331212899019e-01 -2.517861300190830653e-01 1.209394189571236344e+00
8.456082037147985009e-01 2.001651078749749346e-01 -1.702976562483032863e-01 1.459619311623909566e+00
8.656453892388591420e-01 2.069998491177350852e-01 4.018579532646525398e-02 1.488173578025987931e+00
7.937736007853050113e-01 1.576230543316441135e-01 -2.807620435898804945e-01 1.365388703437638629e+00
8.502232868083273720e-01 1.151321227193391750e-01 -5.249070203355380576e-02 1.434671906876670455e+00
8.738855290938769560e-01 1.291347472924433415e-01 -1.147711564555664171e-01 1.500068159712389049e+00
9.787536383960713238e-01 8.826793016908737743e-02 5.172797917326693584e-02 1.739144371078326312e+00
8.685407832256165639e-01 1.473877256509864286e-01 -1.743903235116715245e-01 1.501972029869161451e+00
8.745599081334680669e-01 1.210323786723692535e-01 -1.127141202099115197e-01 1.499944162427607086e+00
8.618980512712458575e-01 2.141269071777740229e-01 3.149612662815168967e-02 1.481138370967227225e+00
8.410661566204097328e-01 1.642238453890317029e-01 -2.204383314149163386e-01 1.452995341398779727e+00
9.409168792241163759e-01 9.438518562398709455e-02 7.398616880451654165e-02 1.649895987614857784e+00
9.576545354889316464e-01 9.210008404663544423e-02 4.615284165388602172e-02 1.688055476666263433e+00
7.263725140356485088e-01 1.210751957063123385e-01 -2.883921173109951219e-01 1.218978210662017503e+00
8.475507972093926368e-01 9.089647221620346385e-02 -3.922619492605373959e-02 1.423873185272447772e+00
8.349646700663021504e-01 8.754853611473190078e-02 -2.536513886790449888e-03 1.392518726015669506e+00
8.050087192702691796e-01 1.596921038032479978e-01 -2.697285382710639112e-01 1.386035220472111140e+00
8.391124091593289425e-01 9.023200643436363189e-02 -2.214361352480085157e-02 1.402743526070739266e+00
8.775342906153140721e-01 1.841570322674400961e-01 5.515911407422600249e-02 1.511056534497331016e+00
8.592896540217859203e-01 9.305400424118356884e-02 -6.731302028317856512e-02 1.454253608538905063e+00
7.550692715156658297e-01 1.551289063130148194e-01 -2.832103381099874695e-01 1.281658481278686645e+00
9.460072718136792735e-01 9.522602493109875998e-02 4.139206167317621698e-02 1.659969937604841128e+00
8.687570593069062763e-01 1.413832422551631884e-01 -9.898616098396728624e-02 1.488027864451461957e+00
8.739293257497567913e-01 1.465402745827266984e-01 -1.362864278559470510e-01 1.506895086486187640e+00
9.326577902408932363e-01 1.112195679971400286e-01 5.942510401674452880e-02 1.630433940894504330e+00
8.627495167324914505e-01 2.081291024664528311e-01 -1.100096450284841626e-01 1.490001570813545451e+00
8.737954518902466550e-01 1.456450584892306499e-01 -1.447601272606644507e-01 1.507929112164779983e+00
7.266446344037277294e-01 1.211933681283603181e-01 -2.822065828186245962e-01 1.218205622007123345e+00
9.145044939001041318e-01 1.261905971417559835e-01 6.035390165939918949e-02 1.588657761744268093e+00
8.506180859284722118e-01 1.088431526732535626e-01 -5.295660143390200358e-02 1.434651399655377357e+00
9.342443410024752204e-01 1.036212623928096516e-01 3.670598382221727102e-02 1.632290227751668210e+00
8.666988227334609940e-01 8.737913819248772918e-02 -7.769032294624150792e-02 1.472172473890386746e+00
9.102591464207417937e-01 1.299100463468495503e-01 5.830065395147430302e-02 1.578863898625174844e+00
8.746856794433018889e-01 1.414680873320933174e-01 -1.327918842473027328e-01 1.507133126115352439e+00
8.892086333098047080e-01 1.266908011356830399e-01 2.938055415327519085e-02 1.526657494643636870e+00
8.676049826877890725e-01 9.905718921455756998e-02 -9.039822689618184914e-02 1.477604412567171455e+00
8.366822402207291232e-01 8.955404702586418353e-02 9.662955228019671702e-03 1.397430900866703851e+00
8.415295660608250738e-01 9.054956871814397179e-02 -2.730890555486074206e-02 1.408866714231057360e+00
9.540247308240402679e-01 8.865416223658934003e-02 6.111857518906804732e-02 1.680065361403230595e+00
8.620434931840738058e-01 2.269791302319041360e-01 -9.233712407517691290e-03 1.482383742292302742e+00
8.663937189740104072e-01 1.426121107243223662e-01 -9.205202432888005826e-02 1.481799270582219386e+00
7.500466671548803310e-01 1.252166241957170245e-01 -8.177959777288676402e-02 1.234613461615631680e+00
8.955748496224875677e-01 1.328800867279341935e-01 3.653020420539704327e-02 1.543064449379652370e+00
9.850944573875811683e-01 8.701753191591286851e-02 6.796808715069502238e-02 1.755439134331079343e+00
8.742388255527880903e-01 1.320599363570871265e-01 -1.611863776712085805e-01 1.509642084305858001e+00
8.582969718519608548e-01 2.243054574097530507e-01 1.059704078657406831e-02 1.475393062540721667e+00
9.291710145610326821e-01 1.136374606762186878e-01 6.107803085275144428e-02 1.622431109485544587e+00
8.517437425856365651e-01 2.392732383905089855e-01 -6.468275597039113700e-02 1.467359263015680870e+00
8.451274243013268128e-01 9.072069356214064462e-02 2.793331230764542830e-02 1.417840355014235110e+00
8.431647204827439346e-01 1.314336008026211478e-01 -1.572515446138894948e-02 1.418978522161058020e+00
8.496547465525521314e-01 1.322902837595087144e-01 2.671958590471314524e-03 1.433687260804187513e+00
8.539146179289476279e-01 2.360749577690118561e-01 -7.240382923463917209e-02 1.471989515483412392e+00
8.442638492581694409e-01 9.082793525697228920e-02 -3.293176639651462789e-02 1.415720154213116144e+00
9.042608205254571985e-01 1.369501171400726858e-01 1.019542549305475498e-01 1.567345387802975054e+00
9.203960772908755805e-01 1.170433572865765270e-01 7.593822627632951239e-02 1.602803386749207970e+00
8.656694526006846191e-01 1.392078069774869142e-01 -9.002043900501105478e-02 1.479103541803581390e+00
8.580975659471525852e-01 2.265892420908642013e-01 -4.744956341020400981e-02 1.476726663611889645e+00
9.434073579190280778e-01 7.122089006859125271e-02 7.918862121948344601e-02 1.654714212347823343e+00
9.847351725853770166e-01 8.787188431101462804e-02 6.747207140891021970e-02 1.754685842955560071e+00
8.567875436611996909e-01 2.300220709387298113e-01 -3.944064485554579086e-02 1.474078578676061513e+00
9.250181394027854331e-01 1.092955454342775107e-01 3.316785118177460051e-02 1.610582192773944987e+00
8.406228766350863912e-01 9.209889164157593344e-02 -2.637106659195151415e-02 1.406731143021388686e+00
9.382876053881131773e-01 8.747196516331375016e-02 2.237315341686544126e-02 1.640652092159360809e+00
9.114429821038275703e-01 1.236185155336544245e-01 4.214543408200512042e-02 1.579943330901102616e+00
9.219765477189750813e-01 1.195303302235064397e-01 6.105562973621828093e-02 1.605800522419898346e+00
8.555104693891206757e-01 9.905143946293312740e-02 3.527827959319305984e-02 1.443615709192965779e+00
8.469342687090457567e-01 9.067405691796193157e-02 3.038843711714505832e-02 1.422166416230082664e+00
9.104419594352597400e-01 1.050084510968740531e-01 -7.367587670583511991e-04 1.576111295388035405e+00
9.384183008800701664e-01 9.855733261868990236e-02 7.304401882706716698e-02 1.644165071745504081e+00
7.331102346716301676e-01 1.029439479863720752e-01 -1.651540780904157124e-01 1.207348860150186498e+00
9.176499692819561904e-01 1.232486810197705590e-01 5.916146301145205899e-02 1.595735915615242195e+00
8.515101018992350390e-01 1.122698016267765775e-01 -5.522159872071760039e-02 1.437477033464070519e+00
8.344576546856329324e-01 8.768874306340483649e-02 -4.190586686378611008e-04 1.391528729797478547e+00
8.731647623028587768e-01 1.321219995918993251e-01 2.229862243739091920e-02 1.489173476380983407e+00
8.950843756616821967e-01 1.509115938346028696e-01 9.419967704551436560e-02 1.548311820147302953e+00
8.452545375843854014e-01 2.042946955384797592e-01 -1.653004829373625195e-01 1.458753090329079960e+00
8.727596746972040576e-01 1.003276305703770244e-01 -1.062637084887849137e-01 1.492122956003007150e+00
9.394493345993205624e-01 9.925919625484508346e-02 3.736936351280593926e-02 1.644448453431907486e+00
8.868188953547653242e-01 1.486779514540851332e-01 3.957496483187350478e-02 1.525009917952499405e+00
7.367079984442213014e-01 1.295195434207274954e-01 -1.519106471471811382e-01 1.216507911170426670e+00
8.564336372094218941e-01 9.043289011327455829e-02 4.310623796979042716e-02 1.445274910785557587e+00
9.306750608732083929e-01 1.049686117941046465e-01 3.315264736677889235e-02 1.623783825235870726e+00
7.907508158450031743e-01 1.535605199719616842e-01 -2.859388806719839193e-01 1.367289341979375017e+00
8.349321736740445976e-01 8.545458878533104818e-02 7.332052185763988754e-03 1.392733396283086345e+00
9.251103435293364097e-01 1.169519022663292607e-01 5.948442167260151181e-02 1.612910024193821679e+00
7.550979222598227514e-01 1.245797363088795157e-01 -6.792281201827869708e-02 1.243816790701726793e+00
8.540693475473727370e-01 2.302440468351931724e-01 -2.319508809342075636e-02 1.466111615953244574e+00
8.902572214051965860e-01 1.174580624126142087e-01 2.668768292459345812e-02 1.528164842811053914e+00
8.575649347597600336e-01 1.993282587970922615e-01 -3.886794616917859518e-03 1.466449292016970940e+00
8.337974801769735267e-01 1.711786782854800293e-01 -2.249788355050630351e-01 1.439209980576411363e+00
8.534531476219384682e-01 1.262551516392548812e-01 1.125605963584130724e-02 1.441679390342042177e+00
8.746646506701452051e-01 1.396335319999071900e-01 -1.491248483911118694e-01 1.509661705159664802e+00
8.449313996811521621e-01 8.886892492383405284e-02 2.890854445062845599e-02 1.417165258891155633e+00
9.805448981016801069e-01 8.849625913997526128e-02 5.493592053674632714e-02 1.743732584045679435e+00
8.457080691902492120e-01 8.806851168381370221e-02 3.171724318122952357e-02 1.419005646153090661e+00
8.824066361261910796e-01 1.462676712176870508e-01 3.250885389716291068e-02 1.513809784047912999e+00
8.571563851755409358e-01 2.330562775854030377e-01 -6.919490131660423204e-02 1.478227367478764931e+00
8.803254180057876743e-01 1.800809708920177166e-01 5.990221986470066484e-02 1.516997607256941993e+00
9.149862996652442515e-01 1.222872456800230268e-01 4.443794801287689195e-02 1.588365923482225828e+00
8.649161288073403675e-01 1.857633235052151555e-01 2.054299042867990810e-02 1.480266018034888553e+00
7.298453870692008794e-01 9.638787423032453561e-02 -2.019813725525587411e-01 1.205588881357390729e+00
8.630001783284660943e-01 2.038206987095079747e-01 -1.069597830601572847e-01 1.489079951729117335e+00
8.754338148327062141e-01 1.275190666202593026e-01 -1.574555133868496271e-01 1.510857713625950449e+00
7.608620082870590773e-01 1.206160752624917815e-01 -5.702988514117042496e-02 1.253807623911332048e+00
7.608815906334349677e-01 1.179477682970996588e-01 -5.478174449888019437e-02 1.253455297286096171e+00
7.344508949043081492e-01 1.315031469121865915e-01 -1.639523770359649635e-01 1.214059778990410621e+00
7.328315064879008522e-01 1.002074407869378986e-01 -1.817244658924223599e-01 1.209744005922025911e+00
9.865164617988244622e-01 8.749521936590030913e-02 7.931867971623621227e-02 1.759796509149318178e+00
8.490334751028146831e-01 9.155427097169376027e-02 3.355084612838003799e-02 1.427370141658406588e+00
8.288570802890338207e-01 1.866756224018173982e-01 -2.138217587308281764e-01 1.428785445928804521e+00
9.895687114557514263e-01 8.530471856170318556e-02 7.921736728158146335e-02 1.767009856712832505e+00
8.513408909713289230e-01 1.187359219551508416e-01 -5.454408074813566626e-02 1.438021902089065662e+00
9.087540759170560367e-01 1.312267308104235475e-01 7.156958748482694643e-02 1.576281411670193977e+00
7.312315708255939795e-01 1.386579647236600155e-01 -1.987871067373608858e-01 1.215477426235161307e+00
9.234970294142196279e-01 8.773466266628071608e-02 -6.611876122838814679e-03 1.605947747329441011e+00
8.374823788606885477e-01 9.012520882777587394e-02 -1.704768576954989595e-02 1.398836793082213870e+00
8.517157015456581215e-01 1.251123025472939687e-01 9.929693106060255917e-03 1.437416936269477086e+00
9.789330656112249507e-01 8.879385730468776494e-02 5.254438357367498258e-02 1.739790359583885504e+00
9.321583720307202725e-01 1.120353643592779253e-01 5.569205324162893045e-02 1.629053584288679746e+00
7.248728705417385454e-01 9.868221360139764475e-02 -2.595009861024171194e-01 1.205916337968020002e+00
7.397544727258024144e-01 1.491983890136035495e-01 -2.952326946942610553e-01 1.255616513694970848e+00
8.595476252704007392e-01 1.942905477196458230e-01 2.263250064845899554e-03 1.469114314307330194e+00
9.107758336733411397e-01 1.285982895482541410e-01 7.506778445073900019e-02 1.580950069831190019e+00
9.335043920659250594e-01 1.062937128777744628e-01 4.005075318245662763e-02 1.630887567338231481e+00
7.420141543416750585e-01 1.197886364114285340e-01 -1.207736445854946938e-01 1.221729583446764078e+00
9.279336713845541817e-01 1.105067322696089566e-01 3.952964486945008404e-02 1.617884427579465711e+00
7.775295161126547505e-01 1.543289776880225339e-01 -2.887555493977064791e-01 1.336147209183522699e+00
8.726808010311261077e-01 1.963774279701987757e-01 5.931835649128963661e-02 1.502927655461328893e+00
8.452629993766702654e-01 2.238185762107354204e-01 -1.276789808583579655e-01 1.456757642479531434e+00
8.348458971098493553e-01 8.908585100830056225e-02 -1.167635905266556362e-03 1.392620443835549393e+00
7.262111090404351765e-01 9.295249719261550192e-02 -2.227726187065853236e-01 1.200979439916771474e+00
8.572798620959956040e-01 1.255112226227286520e-01 1.529994908500469965e-02 1.450634228042200657e+00
8.927653149825227619e-01 1.161041895397072476e-01 2.525448154089181968e-02 1.534120000894979796e+00
9.031726177354830742e-01 1.317065842335010117e-01 4.426243116976855824e-02 1.561340860321206891e+00
7.318058843428729698e-01 9.733607040515367126e-02 -1.670936812880094990e-01 1.203937047987422293e+00
8.549764728307025496e-01 2.349880160143863472e-01 -2.626494977117335011e-02 1.470654878624296780e+00
8.551371072003280949e-01 1.245540700375806775e-01 1.428306648505097906e-02 1.445424381620622034e+00
9.158523106772479272e-01 1.028419619634069332e-01 7.050966171915681868e-03 1.588373125050926093e+00
9.210926800153920180e-01 1.033165726451798355e-01 1.545412699687504290e-02 1.600676932167044653e+00
8.758212589971360318e-01 1.356019137182467860e-01 -1.374989449389745211e-01 1.509525208957514852e+00
8.547731488629937147e-01 8.913880393825868165e-02 -5.500540632662361679e-02 1.441939419310317660e+00
9.801491715794667936e-01 8.941027508056355322e-02 5.414615526400706064e-02 1.742897044894726299e+00
9.303764079166871870e-01 1.114455076931017696e-01 4.581913886103693850e-02 1.624112695182729382e+00
9.109400345864421267e-01 1.159904707018737935e-01 2.927432010419701511e-02 1.577458748630726992e+00
8.582930631396711307e-01 9.003824279979022460e-02 4.565006650200640476e-02 1.449825652804201503e+00
7.392638963124643636e-01 1.107768954645946130e-01 -1.264207178273403509e-01 1.215039426679178858e+00
8.208217955422607570e-01 1.898557366201359120e-01 -2.151162206105419750e-01 1.411813687507222914e+00
9.160076959417764453e-01 1.211452021989142397e-01 7.678329667641232981e-02 1.592704813752800153e+00
8.685532336144002885e-01 1.217164545130032111e-01 2.458460686051442898e-02 1.476948897112090542e+00
8.544134724826546456e-01 2.390602436275552078e-01 -5.605344688273002085e-02 1.472698736809875175e+00
8.737941301757942147e-01 1.387880884498227940e-01 -1.572388319052693273e-01 1.509051252459825632e+00
7.576333849199017312e-01 1.229979189386202765e-01 -6.436792530495112630e-02 1.248145845119757569e+00
8.770057971544615860e-01 1.213240643917793404e-01 2.678609324967703986e-02 1.497003969314322447e+00
8.614808953342983910e-01 9.387631067947688202e-02 4.530687657819397474e-02 1.457783254604068546e+00
9.536803224552808933e-01 9.318804914313849608e-02 6.001317860410879113e-02 1.679558416513931451e+00
7.541259297340389134e-01 1.244568062948043924e-01 -7.828234461919100773e-02 1.242773498091900963e+00
7.265881160357753332e-01 8.602563111059147172e-02 -2.162837874821452733e-01 1.199883812319900711e+00
8.727141243036571350e-01 8.773440869458441760e-02 -1.001407753269527995e-01 1.489926467943345267e+00
8.382350946110505019e-01 9.060109365996937836e-02 -1.806620490539495930e-02 1.400557872616232880e+00
9.121268563509670191e-01 1.280901742064310678e-01 6.895950675091383486e-02 1.583766743046986614e+00
8.568267097875833516e-01 9.280115698816038261e-02 4.161003356703481260e-02 1.446389354877567035e+00
8.615787992217621705e-01 1.840737283756807841e-01 1.355669816545542784e-02 1.471713479698361082e+00
8.377162920290744941e-01 8.506619497023108767e-02 1.783628570246173148e-02 1.399424726010723319e+00
8.571268675096411771e-01 2.273062881895848153e-01 -3.229488372742683050e-02 1.473080299014842831e+00
8.599557434896873964e-01 2.031474817080533013e-01 1.015903684914849781e-02 1.473413096307044645e+00
7.512735607010369021e-01 1.537842287234350014e-01 -2.924268933294191797e-01 1.278949447983119381e+00
9.209421418377335966e-01 1.109924316351772050e-01 3.050392559974460585e-02 1.600934804953469737e+00
7.327896488692844379e-01 1.309777068314055548e-01 -1.729885140478028549e-01 1.212265314133052163e+00
8.791598785245969827e-01 1.475375745310861242e-01 2.954609738679747286e-02 1.506237652776030611e+00
8.458787064601713812e-01 1.047770027731522585e-01 1.788574985491609218e-02 1.421139374177887271e+00
9.644855811642674137e-01 8.725228859711525731e-02 4.879302857218991568e-02 1.704474867850988229e+00
7.320156198031776418e-01 1.131248055175239076e-01 -1.934384771808366488e-01 1.212447532112164383e+00
8.762889198052834505e-01 1.296668083469006694e-01 2.398287482020614730e-02 1.496233053861473650e+00
8.639275667172087170e-01 1.828585445370680962e-01 1.823769758645524958e-02 1.477121078138102783e+00
8.757111882946684300e-01 1.347108513198901347e-01 -1.457934646234581577e-01 1.510601109801263053e+00
9.188059808826085639e-01 1.207000085867604572e-01 6.988212024661086263e-02 1.598950245772927881e+00
8.697003379145604729e-01 1.943359836162496523e-01 3.907827682053970769e-02 1.494277315697744468e+00
7.372616292394600368e-01 1.203399853565308153e-01 -1.554946676496657132e-01 1.217117732131497210e+00
7.278766983447640948e-01 1.277057015504919069e-01 -2.936720281353733530e-01 1.224509536768331630e+00
8.952946965060389894e-01 1.171201937369342472e-01 2.523877492755160351e-02 1.540124632469737298e+00
8.566128956231525704e-01 2.023946007732444208e-01 -7.606876859902716136e-03 1.465083128315329830e+00
8.854908899620343998e-01 1.720394127016466324e-01 6.958155611366149962e-02 1.528305978396299336e+00
8.448112637543609971e-01 9.112520474370137957e-02 -3.419756603127089428e-02 1.417110808706778524e+00
7.590724819282764768e-01 1.197851650271097579e-01 -6.240246295836100049e-02 1.250494397126377555e+00
7.571790080313018922e-01 1.174837470249757154e-01 -6.048561825703999834e-02 1.245803704614705909e+00
9.515002424017958704e-01 8.982535646840461574e-02 6.394171932262929237e-02 1.674264431760093652e+00
9.844763890054086808e-01 8.722672514332890925e-02 6.747036653962019959e-02 1.754021899763988479e+00
8.867733581933425757e-01 1.527139656339369655e-01 4.346317322258805294e-02 1.525822215572983032e+00
9.856381053997628205e-01 8.680019728179176608e-02 6.799161117738224125e-02 1.756725111945741657e+00
8.729855193538574865e-01 1.202871330482380430e-01 2.698003887079296684e-02 1.487350871738240654e+00
9.542570520337964046e-01 9.367457467786138858e-02 4.579670119102841747e-02 1.679944510820911452e+00
8.552059943149069587e-01 8.985158207532670249e-02 -5.595246940062209573e-02 1.443085739236975362e+00
8.653807543516418566e-01 1.010090218536352502e-01 4.326869768923205517e-02 1.467762012618967438e+00
8.581591534371829644e-01 8.886240269037176676e-02 -5.965255054939249540e-02 1.450280843160647759e+00
8.671738585949164690e-01 1.840041139866690212e-01 2.507104036780501144e-02 1.485281624215241569e+00
7.344157084483254883e-01 1.223817330353984406e-01 -1.547288969817389170e-01 1.211090193471409782e+00
9.051839211965276855e-01 1.230289209701123376e-01 3.543063542122846382e-02 1.564528552582230336e+00
9.055731914779647784e-01 1.243734751076563255e-01 3.753920944864951731e-02 1.565752743207314168e+00
7.419301281245750390e-01 1.141859855183595535e-01 -1.200576590218131734e-01 1.220464067375169437e+00
8.791119008027106219e-01 1.147219948196372546e-01 -1.376027358013233448e-01 1.513819439077119577e+00
8.633364876045757086e-01 1.214819869273966596e-01 2.273616278802031640e-02 1.464512402833597404e+00
9.159522697764899135e-01 9.863333937530768813e-02 -5.098549215239297702e-04 1.588520557631507568e+00
8.465818105438952523e-01 1.261660939495673761e-01 2.311236233465889891e-04 1.425668477111636356e+00
8.839398110753623472e-01 1.549106788796876244e-01 4.035194771473797626e-02 1.519327724896768483e+00
8.875433643869347078e-01 1.251445345324879999e-01 2.782874340312075159e-02 1.522455112055270288e+00
9.221694377393392372e-01 9.819487562005554948e-02 8.528851393432783368e-03 1.602963976082184328e+00
9.054913055286881729e-01 1.149300804842809248e-01 2.295922938879690900e-02 1.564357246809813473e+00
8.657622924400710795e-01 1.781126217694008751e-01 2.058209893401985111e-02 1.480380676139699148e+00
7.336167588831212782e-01 1.277293853361347042e-01 -1.941087239760687366e-01 1.218488377751593799e+00
7.267269283789425938e-01 1.064320536635250947e-01 -2.638406658430505480e-01 1.212754290399243207e+00
8.672732041371794542e-01 1.343116663389951615e-01 -9.417757131358241163e-02 1.482475111503940290e+00
8.687900988727204066e-01 1.251239717657089412e-01 2.251662387753371186e-02 1.477917803740432356e+00
8.558145111587042164e-01 2.039741308496807459e-01 -1.792225122225017675e-02 1.463639638860142700e+00
9.109017272097851281e-01 1.220939362470975509e-01 3.950857223511174132e-02 1.578322502583120013e+00
8.471075328147914529e-01 2.436797957214949795e-01 2.212952363693580782e-02 1.455730824521976441e+00
8.418149892289674696e-01 2.137996717726149964e-01 -1.529537448520237874e-01 1.450835378304004442e+00
8.764024702727046812e-01 1.285695143985204070e-01 -1.499195073369887499e-01 1.511899539660204628e+00
9.016383629729646243e-01 1.406552134907552432e-01 6.199295175587300061e-02 1.560140311298979121e+00
9.154467427743862018e-01 1.144931848550099496e-01 3.085384489923146539e-02 1.588091862697002199e+00
8.524267044741365984e-01 9.967050129264573566e-02 3.145506184009574935e-02 1.436235106081497293e+00
8.570963872613512891e-01 9.389406836595462491e-02 -6.189794556827131478e-02 1.448593564864915972e+00
8.495372618823785471e-01 9.561929957338756447e-02 3.078303317762585284e-02 1.428928938120328285e+00
9.098004585949897027e-01 1.299165926336213750e-01 5.484084975581149379e-02 1.577550500127410826e+00
8.547745400233973667e-01 1.152315828371524853e-01 -6.260879016797067653e-02 1.446387412645955939e+00
9.026885528210375487e-01 1.126101751373740634e-01 1.460654444186989392e-02 1.557878664579523731e+00
9.333429326812100468e-01 1.086117980757243667e-01 6.621663160979437968e-02 1.632359774798243013e+00
8.727324271198403371e-01 1.699256630189846795e-01 2.978339580999859668e-02 1.495391260676441458e+00
8.438162722758345557e-01 1.310990419317152877e-01 -9.728363458089859736e-03 1.420304578789116423e+00
8.405989177404969981e-01 8.976581093048859039e-02 1.890141647253544901e-02 1.406820386259374445e+00
8.558559780144739948e-01 2.017425221021171833e-01 -2.424030922313612918e-02 1.463267631318903472e+00
8.589508663477327666e-01 1.241428454918763330e-01 1.779755803197098293e-02 1.454422757793146337e+00
7.458421825056396059e-01 1.267626060887703243e-01 -9.640291075223454687e-02 1.227661796521470894e+00
8.735298525593457875e-01 1.717982119102121064e-01 3.191622436569305915e-02 1.497770779607781710e+00
8.762557084288783438e-01 1.179130794757788231e-01 -1.173103319199992056e-01 1.504126101005829552e+00
8.469610389196162714e-01 1.329719766762508248e-01 -2.526031259362970533e-03 1.427585994067788855e+00
9.203592867352102802e-01 9.998119273852720812e-02 9.574603997380798370e-02 1.602694187053146369e+00
8.592495685580626708e-01 9.494713411216987309e-02 4.253580447782513013e-02 1.452445453842958312e+00
8.691022256941888235e-01 1.791370707951463748e-01 2.681819797064979513e-02 1.488725257648917832e+00
8.547998851091509476e-01 1.090416520704357850e-01 -6.287384087205770411e-02 1.445537473817903207e+00
7.355958180254520418e-01 1.431619490066795286e-01 -2.952177693337687536e-01 1.245070550929171516e+00
8.169482889606615172e-01 1.675245009516952155e-01 -2.489945920158843085e-01 1.407261549489036367e+00
8.735098130118466031e-01 1.309810217457046677e-01 -1.698787872043773794e-01 1.509549536729142272e+00
8.883829955444758619e-01 1.620189141733225646e-01 9.623066158385169822e-02 1.534872632604000087e+00
7.517456136235468600e-01 1.169176720671245562e-01 -7.457641764653384631e-02 1.235622297917187584e+00
8.562353078264902662e-01 2.011120446110192250e-01 -1.355155506457656790e-02 1.463804723702505362e+00
8.601408091631957964e-01 1.967302032105326393e-01 4.455600535843650366e-03 1.471666880564391544e+00
8.458648175206336939e-01 9.092106625724905022e-02 -3.592777113226598013e-02 1.419682646634153445e+00
8.208329455598459834e-01 1.867647135537622849e-01 -2.203032226695338103e-01 1.412459883349441503e+00
8.525884795996442334e-01 1.313585582175938737e-01 7.572662911782965071e-03 1.440413633365221990e+00
8.754888727272208682e-01 1.910141417598107683e-01 5.991202651752377401e-02 1.508177396869603726e+00
8.633865966471891973e-01 2.146357697434002620e-01 4.207886532376073352e-02 1.485239871249789845e+00
8.699343017089952168e-01 1.718071127393225872e-01 2.638379884471855202e-02 1.489034392581270794e+00
8.539035872520046588e-01 1.288018012431141612e-01 1.036636796683583842e-02 1.443127640872269080e+00
8.364128094882078424e-01 1.630846099904895707e-01 -2.284473898203719655e-01 1.444303564181759647e+00
8.572794143836589553e-01 1.999459922510023469e-01 -5.050821405457373708e-02 1.467719062473823666e+00
8.559636747435487303e-01 1.300390095901399479e-01 1.192135714338128302e-02 1.448187500432967623e+00
8.406986460507397396e-01 2.043394972673980015e-01 -1.702977987481100741e-01 1.449421364881160246e+00
9.052008822427405343e-01 1.333411296781663313e-01 5.248949443467597342e-02 1.566904844729082980e+00
7.542963524486999694e-01 1.552096439657875415e-01 -2.888734971377594496e-01 1.283343319957376938e+00
9.298142825032742476e-01 8.587176599949065958e-02 9.537160322528628886e-02 1.624257157082199310e+00
9.836079695685878699e-01 8.707287899895647942e-02 6.270598719143483102e-02 1.751466131335888576e+00
8.471284824866307517e-01 8.912686682677989358e-02 3.272279666060221720e-02 1.422521384172727332e+00
7.355449699421671150e-01 1.123376570770447946e-01 -1.645828073402108571e-01 1.213695717190168111e+00
8.751542741758329136e-01 1.894195970822790676e-01 5.476513521305556575e-02 1.506670359316563568e+00
7.637391143798073490e-01 1.603647693179126865e-01 -2.781484187136481490e-01 1.299578256170212720e+00
8.415193772479451217e-01 1.230438313096462039e-01 -1.049452068774342321e-02 1.414044937144291580e+00
8.376901160919937306e-01 9.006186939838270455e-02 -1.938216607215335896e-02 1.399375495589046725e+00
8.730789826421918587e-01 1.261102284994875256e-01 -1.115068002015734278e-01 1.497118612327761999e+00
8.556720735099697661e-01 2.040367613905568756e-01 -2.901932429664603671e-02 1.463632978274800545e+00
7.360431634476422014e-01 1.159586610758342184e-01 -1.674193930375565409e-01 1.215798562643072733e+00
8.577357454802367887e-01 1.277088284208739988e-01 1.447826552355984363e-02 1.452038988896847682e+00
7.321352580169635527e-01 1.347112341894872445e-01 -2.940300817487057072e-01 1.235064876158353586e+00
7.503590587580817317e-01 1.212228665810600459e-01 -8.828541780625025204e-02 1.235253531911908675e+00
8.937111623813019934e-01 1.177324065483520421e-01 1.637479833655173730e-02 1.537432955368000176e+00
8.488937182959099825e-01 1.256256109384697450e-01 5.079889337571963197e-03 1.430884846300693569e+00
7.569429541380761073e-01 1.183046481541251971e-01 -6.269464612765326961e-02 1.245487524465042739e+00
7.583949034450503390e-01 1.175735743255707927e-01 -6.085429613674885746e-02 1.248560501657366650e+00
9.839356848116505017e-01 8.666557212850804770e-02 6.648311584746212366e-02 1.752551380897970912e+00
7.358416656371512543e-01 1.089007339112676442e-01 -1.538535531138901791e-01 1.211999537926419679e+00
9.859721683277062887e-01 8.669698702378632327e-02 6.739108560992880526e-02 1.757544622111517629e+00
8.801024276708727667e-01 1.514455709204285683e-01 3.287934553834329088e-02 1.509301433355376254e+00
8.603806455394470420e-01 2.220945578980179358e-01 3.170124798493457324e-02 1.480063924818166399e+00
8.601987413668507054e-01 1.283842750212687289e-01 1.606330987545438738e-02 1.457977079579972912e+00
9.349921375249018451e-01 1.061378851546066343e-01 6.876912949387101182e-02 1.636298595229706221e+00
8.633725904557217889e-01 1.902972138326298190e-01 1.839667687958779912e-02 1.477793931276234485e+00
9.370281700359442967e-01 1.066620402015175800e-01 6.348091854607200435e-02 1.640826988134548303e+00
7.345435552302523874e-01 1.061500327873015209e-01 -1.731698956727025507e-01 1.212107972574701042e+00
8.681340007711376705e-01 1.764699125284726611e-01 2.456795525342797548e-02 1.485744618579252441e+00
8.760549656385843154e-01 1.180529706505341753e-01 -1.238023763058446608e-01 1.504703945822252198e+00
8.418008164812808003e-01 2.188233336275471896e-01 -1.438769711965123543e-01 1.450412989307622524e+00
7.435635413305278218e-01 1.225608117275007458e-01 -1.206387656263767372e-01 1.225648259793232997e+00
8.537404207169682069e-01 9.785890650772124943e-02 3.424544277316677460e-02 1.439245159791745721e+00
7.502797805939822595e-01 1.178644565594539756e-01 -7.732698179698256624e-02 1.233057829750488166e+00
8.717848375103213199e-01 1.769396108333201045e-01 3.072596409524294692e-02 1.494713929163328237e+00
8.567300129376861362e-01 1.086921710622078402e-01 -6.798120426159171004e-02 1.450808897342996007e+00
9.264054477498326889e-01 8.124356415576414192e-02 -1.579643119118444988e-02 1.612910051713556392e+00
7.279885643824687280e-01 1.084280195918722045e-01 -2.474377993606667048e-01 1.212063136991120782e+00
9.416130605323064229e-01 7.901633491258172604e-02 2.161447517135353311e-02 1.648215464870181668e+00
7.276123483066815334e-01 8.454816239276748135e-02 -1.980306200303443009e-01 1.198656862305065074e+00
8.432798799606058271e-01 1.284825045554600920e-01 -2.917527175924950270e-02 1.419127652737080858e+00
9.288699545046632533e-01 8.849553854353850446e-02 5.249871924285834206e-03 1.618418352393230508e+00
7.468039416485834359e-01 1.216035372299367617e-01 -9.814994007314445379e-02 1.228989405087578701e+00
8.526090287554085601e-01 2.352404298839461394e-01 -8.001965456259275966e-02 1.469656254241063165e+00
7.484076482094493832e-01 1.260636096085936686e-01 -9.386023924511613381e-02 1.232905939581134369e+00
8.562205603096938455e-01 2.026717705929927393e-01 -4.014222093208013459e-02 1.465201984140255931e+00
8.720453660113256511e-01 1.201815337854809929e-01 -1.067254943333792588e-01 1.493019032838824423e+00
7.366194780417261168e-01 1.128015494657305662e-01 -1.543255475361816342e-01 1.214358421317449199e+00
8.607020177861245402e-01 2.062012902910138612e-01 -1.188946257150672037e-01 1.486117056423314153e+00
8.346844781577414940e-01 8.981136803718441086e-02 -3.886441724320394923e-03 1.392181406335395222e+00
8.415341549659942633e-01 1.276299580161282810e-01 -1.477637843702702888e-02 1.414691794337070707e+00
8.571978116118489366e-01 1.990738965673505556e-01 -4.564257054662855528e-02 1.466911835618774695e+00
8.416030667450492553e-01 1.265242908838181413e-01 -1.772699913327284438e-02 1.414709699847983781e+00
8.629842609886850813e-01 2.167980365297542955e-01 3.547345376113584386e-02 1.484627285300084143e+00
8.965589950053328705e-01 1.146412547237432855e-01 2.231100797500278066e-02 1.543186022104107158e+00
8.896061865888926778e-01 1.578442875783827859e-01 5.783382810023182663e-02 1.534658057183967195e+00
8.750611710555025180e-01 1.653412125634049767e-01 3.143642827772998721e-02 1.500026518379952822e+00
8.768828945078750436e-01 1.126173695798870222e-01 -1.264743680708800555e-01 1.506249179443041486e+00
8.763511965438849360e-01 1.689146201898366895e-01 3.554475037717536728e-02 1.503999295442459694e+00
8.580355034305755524e-01 1.049802917479975561e-01 -7.106895631476090047e-02 1.453709367750666059e+00
8.562314361224903081e-01 2.009703131142485388e-01 -3.546826131346767635e-02 1.464449903028547828e+00
7.344282110742421654e-01 1.263996054222402410e-01 -1.679031954509879743e-01 1.214311330263629918e+00
7.291420893260726066e-01 1.096932994079487939e-01 -2.377118075967802613e-01 1.212447255183535244e+00
9.151810031854228367e-01 1.162347468798592548e-01 3.385143460978882329e-02 1.587706882197755798e+00
8.745936652479430196e-01 1.039225845209394428e-01 -1.102590519920779166e-01 1.497376935235339435e+00
8.655842523150549805e-01 1.201630546779842712e-01 2.493749684869668581e-02 1.469718375757839368e+00
9.096878773001579876e-01 1.191693018910784663e-01 3.352651433207155807e-02 1.574821281704032350e+00
8.534173865889476129e-01 1.121531354001791686e-01 -6.012607431961403820e-02 1.442445345231019971e+00
8.552844314575992479e-01 9.406776472581931947e-02 3.930646197193403413e-02 1.442735553708945906e+00
8.851856100373296510e-01 1.705747355468170690e-01 6.457708825038213640e-02 1.526818066541587582e+00
7.913894533111188734e-01 1.528437794241186143e-01 -2.847466835269705787e-01 1.364983766212088501e+00
9.232676896076408291e-01 9.387194998552343683e-02 9.734161655921480527e-02 1.609285373557004295e+00
7.515896732743707620e-01 1.256267979395092604e-01 -7.837659646963272830e-02 1.237542223695207166e+00
8.835743003607111623e-01 1.523856560697868789e-01 3.793673516662365158e-02 1.517868842736466828e+00
8.737422925376077121e-01 1.244486563777382759e-01 -1.740566118311972221e-01 1.509785681132503665e+00
8.959638084229528676e-01 1.152065873532869128e-01 2.060896766171942118e-02 1.542030739485023449e+00
8.704525610993210094e-01 1.247148718099141546e-01 -1.022203696488272612e-01 1.489377668953008271e+00
8.810116570038351025e-01 1.533915575615089621e-01 3.481422215847740365e-02 1.511892531977619525e+00
9.144958862709087200e-01 1.239589715365322781e-01 7.445438318945825362e-02 1.589251019550967259e+00
8.715816306047251549e-01 1.282436981790444630e-01 -1.048654852277944444e-01 1.492994999699372993e+00
7.555117711315151308e-01 1.248567970669427901e-01 -6.852599614322670007e-02 1.244383888698797014e+00
7.495503951188376979e-01 1.163810830120847184e-01 -8.190914444346235335e-02 1.231790557395564090e+00
8.830716880901084975e-01 1.482232313990904105e-01 3.446079557995134629e-02 1.515799841616338517e+00
9.368144798071634805e-01 7.379484378676857970e-02 -2.900296991729887572e-02 1.638281563177244715e+00
9.292238961372475403e-01 8.160267861778448817e-02 -2.736479970525533632e-03 1.619125113448802278e+00
7.358874490458902073e-01 1.249577590559612372e-01 -1.516261136794489761e-01 1.214091369473055959e+00
9.097507513836090576e-01 1.202067306980155736e-01 3.575747170795603308e-02 1.575159661009566392e+00
9.504909977940635413e-01 9.027969631396531858e-02 4.139589213563510395e-02 1.670370975640856681e+00
7.842763556377679857e-01 1.545888926284499365e-01 -2.878279639508825039e-01 1.348617109896169231e+00
7.348677190532525438e-01 1.291215682344150906e-01 -1.623231860498619838e-01 1.214422044666910727e+00
9.483928126609034726e-01 9.731590088611530298e-02 4.563085651506117169e-02 1.666093485294693588e+00
8.641960973831781523e-01 1.228907990051974486e-01 2.168845231593120176e-02 1.466731394674484656e+00
9.489261600949561171e-01 9.495639917995513102e-02 4.388485752990960165e-02 1.667077257878335939e+00
7.277489845647164834e-01 8.835838301143218720e-02 -2.062327408452316602e-01 1.200822731205069438e+00
7.521405584714639936e-01 1.226649256196153392e-01 -7.879765595974415338e-02 1.237971993900592205e+00
9.250485279407461015e-01 9.617340138793854798e-02 9.218066152734068208e-02 1.613339458774466495e+00
9.146738006822008327e-01 1.243348205110986898e-01 7.073297797215499783e-02 1.589494338577305266e+00
8.502978950440778227e-01 1.269389685493352293e-01 6.698153202547543934e-03 1.434354630349247151e+00
9.193513815661739086e-01 9.036328136732163507e-02 -2.290967363828882997e-02 1.597027115405802888e+00
8.508326535814735303e-01 1.300410062335953520e-01 5.700848147039639692e-03 1.436085382843087954e+00
7.282966501636788381e-01 1.271473812841912299e-01 -2.899805387799395118e-01 1.224572159596821974e+00
9.808406641264921788e-01 8.798299229404260569e-02 5.548981083930397407e-02 1.744402158904210021e+00
7.327396889816700787e-01 1.379556581596184939e-01 -2.909135201416960248e-01 1.236653576488239592e+00
9.520181067883143333e-01 9.270800571066195594e-02 4.433209960970951186e-02 1.674362838184114466e+00
7.343683992021480256e-01 1.427612850998920269e-01 -2.908594826980122061e-01 1.241499926631734807e+00
7.830306152500149386e-01 1.544339874875542418e-01 -2.835123028710553328e-01 1.348602330212738565e+00
9.315109544590406410e-01 8.618023969493768255e-02 1.169528347736900620e-02 1.624354686111677326e+00
8.421130561676500870e-01 1.272760384852178461e-01 -8.832209015481883724e-03 1.415890498597619063e+00
7.540660358315963707e-01 1.265629604568291044e-01 -7.732532070773866228e-02 1.243255202501095669e+00
9.624488807579504313e-01 8.689969663166320635e-02 5.098531641975660722e-02 1.699661479087850369e+00
9.628807756884112390e-01 8.755287747538761933e-02 5.103254105609123653e-02 1.700766147475574863e+00
8.414691494475481370e-01 1.258342852799369527e-01 -1.152033004815965211e-02 1.414298711992740598e+00
8.418510368309901626e-01 2.171551897269745346e-01 -1.444192511559088121e-01 1.450132805523425494e+00
9.257045446820232337e-01 9.159082373284098411e-02 9.572922926733030968e-02 1.614833979151032217e+00
8.673817058962784987e-01 1.229272839743501267e-01 2.286388768792433843e-02 1.474293380988496827e+00
9.478462766745204826e-01 4.081071195280645825e-02 3.343719368418901494e-02 1.662772769808307460e+00
9.124446980036713395e-01 1.202561014247722770e-01 3.816416578640183244e-02 1.581728390592697764e+00
8.425741048298883706e-01 8.890438804214717550e-02 2.414056125977100120e-02 1.411490391898349905e+00
